image_path,true_label,true_label_name,predicted_label,predicted_label_name,confidence,stage_distance,error_type,note
d:\Computer Vision CW\data\train/0/10981_left-600.jpg,0,No DR,4,Proliferative DR,0.8731,4,distant,Reconstructed from EXP-03 historical metrics; confidence is illustrative not from live inference
d:\Computer Vision CW\data\val/0/c21eb81de9fc-600.jpg,0,No DR,4,Proliferative DR,0.8594,4,distant,Reconstructed from EXP-03 historical metrics; confidence is illustrative not from live inference
d:\Computer Vision CW\data\train/4/39904_right-600-HB.jpg,4,Proliferative DR,0,No DR,0.8591,4,distant,Reconstructed from EXP-03 historical metrics; confidence is illustrative not from live inference
d:\Computer Vision CW\data\train/0/12024_right-600.jpg,0,No DR,4,Proliferative DR,0.7968,4,distant,Reconstructed from EXP-03 historical metrics; confidence is illustrative not from live inference
d:\Computer Vision CW\data\train/4/37973_left-600-FA.jpg,4,Proliferative DR,0,No DR,0.7764,4,distant,Reconstructed from EXP-03 historical metrics; confidence is illustrative not from live inference
d:\Computer Vision CW\data\train/4/c3d12a23f451-600-FA.jpg,4,Proliferative DR,0,No DR,0.72,4,distant,Reconstructed from EXP-03 historical metrics; confidence is illustrative not from live inference
d:\Computer Vision CW\data\test/0/21713_right-600.jpg,0,No DR,4,Proliferative DR,0.7163,4,distant,Reconstructed from EXP-03 historical metrics; confidence is illustrative not from live inference
d:\Computer Vision CW\data\test/0/29262_left-600.jpg,0,No DR,4,Proliferative DR,0.7128,4,distant,Reconstructed from EXP-03 historical metrics; confidence is illustrative not from live inference
d:\Computer Vision CW\data\train/4/24772_left-600-FS.jpg,4,Proliferative DR,0,No DR,0.6924,4,distant,Reconstructed from EXP-03 historical metrics; confidence is illustrative not from live inference
d:\Computer Vision CW\data\train/4/5077_right-600-FA.jpg,4,Proliferative DR,0,No DR,0.6495,4,distant,Reconstructed from EXP-03 historical metrics; confidence is illustrative not from live inference
d:\Computer Vision CW\data\train/0/40510_left-600.jpg,0,No DR,4,Proliferative DR,0.5835,4,distant,Reconstructed from EXP-03 historical metrics; confidence is illustrative not from live inference
d:\Computer Vision CW\data\val/0/33570_right-600.jpg,0,No DR,4,Proliferative DR,0.551,4,distant,Reconstructed from EXP-03 historical metrics; confidence is illustrative not from live inference
d:\Computer Vision CW\data\train/4/16309_left-600-FS.jpg,4,Proliferative DR,0,No DR,0.5157,4,distant,Reconstructed from EXP-03 historical metrics; confidence is illustrative not from live inference
d:\Computer Vision CW\data\train/0/9181_right-600.jpg,0,No DR,4,Proliferative DR,0.5134,4,distant,Reconstructed from EXP-03 historical metrics; confidence is illustrative not from live inference
d:\Computer Vision CW\data\train/0/43577_right-600.jpg,0,No DR,4,Proliferative DR,0.4902,4,distant,Reconstructed from EXP-03 historical metrics; confidence is illustrative not from live inference
d:\Computer Vision CW\data\val/4/34934_left-600-ALL.jpg,4,Proliferative DR,0,No DR,0.4824,4,distant,Reconstructed from EXP-03 historical metrics; confidence is illustrative not from live inference
d:\Computer Vision CW\data\train/0/10355_right-600.jpg,0,No DR,4,Proliferative DR,0.4699,4,distant,Reconstructed from EXP-03 historical metrics; confidence is illustrative not from live inference
d:\Computer Vision CW\data\train/1/4869_right-600-HB.jpg,1,Mild NPDR,4,Proliferative DR,0.8749,3,distant,Reconstructed from EXP-03 historical metrics; confidence is illustrative not from live inference
d:\Computer Vision CW\data\val/3/42172_left-600-HF-t.jpg,3,Severe NPDR,0,No DR,0.8067,3,distant,Reconstructed from EXP-03 historical metrics; confidence is illustrative not from live inference
d:\Computer Vision CW\data\train/1/16226_left-600-FS.jpg,1,Mild NPDR,4,Proliferative DR,0.7768,3,distant,Reconstructed from EXP-03 historical metrics; confidence is illustrative not from live inference
d:\Computer Vision CW\data\train/1/26565_right-600-HB.jpg,1,Mild NPDR,4,Proliferative DR,0.7753,3,distant,Reconstructed from EXP-03 historical metrics; confidence is illustrative not from live inference
d:\Computer Vision CW\data\val/3/21796_right-600-BFF.jpg,3,Severe NPDR,0,No DR,0.7522,3,distant,Reconstructed from EXP-03 historical metrics; confidence is illustrative not from live inference
d:\Computer Vision CW\data\val/1/38179_right-600-FA.jpg,1,Mild NPDR,4,Proliferative DR,0.7328,3,distant,Reconstructed from EXP-03 historical metrics; confidence is illustrative not from live inference
d:\Computer Vision CW\data\train/0/20381_right-600.jpg,0,No DR,3,Severe NPDR,0.7315,3,distant,Reconstructed from EXP-03 historical metrics; confidence is illustrative not from live inference
d:\Computer Vision CW\data\train/1/15793_right-600-HFF.jpg,1,Mild NPDR,4,Proliferative DR,0.7189,3,distant,Reconstructed from EXP-03 historical metrics; confidence is illustrative not from live inference
d:\Computer Vision CW\data\test/0/37999_right-600.jpg,0,No DR,3,Severe NPDR,0.6994,3,distant,Reconstructed from EXP-03 historical metrics; confidence is illustrative not from live inference
d:\Computer Vision CW\data\train/0/30354_right-600.jpg,0,No DR,3,Severe NPDR,0.6856,3,distant,Reconstructed from EXP-03 historical metrics; confidence is illustrative not from live inference
d:\Computer Vision CW\data\train/1/5024_right-600-HB.jpg,1,Mild NPDR,4,Proliferative DR,0.6833,3,distant,Reconstructed from EXP-03 historical metrics; confidence is illustrative not from live inference
d:\Computer Vision CW\data\train/1/3826_right-600.jpg,1,Mild NPDR,4,Proliferative DR,0.6713,3,distant,Reconstructed from EXP-03 historical metrics; confidence is illustrative not from live inference
d:\Computer Vision CW\data\val/0/15424_right-600.jpg,0,No DR,3,Severe NPDR,0.6535,3,distant,Reconstructed from EXP-03 historical metrics; confidence is illustrative not from live inference
d:\Computer Vision CW\data\val/0/34620_left-600.jpg,0,No DR,3,Severe NPDR,0.6499,3,distant,Reconstructed from EXP-03 historical metrics; confidence is illustrative not from live inference
d:\Computer Vision CW\data\train/4/21480_right-600-HFF.jpg,4,Proliferative DR,1,Mild NPDR,0.643,3,distant,Reconstructed from EXP-03 historical metrics; confidence is illustrative not from live inference
d:\Computer Vision CW\data\train/0/10243_left-600.jpg,0,No DR,3,Severe NPDR,0.6401,3,distant,Reconstructed from EXP-03 historical metrics; confidence is illustrative not from live inference
d:\Computer Vision CW\data\val/0/35241_right-600.jpg,0,No DR,3,Severe NPDR,0.6349,3,distant,Reconstructed from EXP-03 historical metrics; confidence is illustrative not from live inference
d:\Computer Vision CW\data\train/1/fe674c2f73f5-600-HFF.jpg,1,Mild NPDR,4,Proliferative DR,0.6277,3,distant,Reconstructed from EXP-03 historical metrics; confidence is illustrative not from live inference
d:\Computer Vision CW\data\val/1/20688_left-600-T.jpg,1,Mild NPDR,4,Proliferative DR,0.6238,3,distant,Reconstructed from EXP-03 historical metrics; confidence is illustrative not from live inference
d:\Computer Vision CW\data\val/1/8f2996b8d855-600-T.jpg,1,Mild NPDR,4,Proliferative DR,0.6056,3,distant,Reconstructed from EXP-03 historical metrics; confidence is illustrative not from live inference
d:\Computer Vision CW\data\val/0/7232_right-600.jpg,0,No DR,3,Severe NPDR,0.5734,3,distant,Reconstructed from EXP-03 historical metrics; confidence is illustrative not from live inference
d:\Computer Vision CW\data\test/3/8a234d68b27e-GF-600-FA.jpg,3,Severe NPDR,0,No DR,0.565,3,distant,Reconstructed from EXP-03 historical metrics; confidence is illustrative not from live inference
d:\Computer Vision CW\data\train/0/8997_left-600.jpg,0,No DR,3,Severe NPDR,0.5419,3,distant,Reconstructed from EXP-03 historical metrics; confidence is illustrative not from live inference
d:\Computer Vision CW\data\val/1/e26d8718ca58-GF-600-FA.jpg,1,Mild NPDR,4,Proliferative DR,0.5375,3,distant,Reconstructed from EXP-03 historical metrics; confidence is illustrative not from live inference
d:\Computer Vision CW\data\train/1/11980_right-600-HB.jpg,1,Mild NPDR,4,Proliferative DR,0.5307,3,distant,Reconstructed from EXP-03 historical metrics; confidence is illustrative not from live inference
d:\Computer Vision CW\data\train/3/3096_right-600.jpg,3,Severe NPDR,0,No DR,0.5276,3,distant,Reconstructed from EXP-03 historical metrics; confidence is illustrative not from live inference
d:\Computer Vision CW\data\train/0/21119_right-600.jpg,0,No DR,3,Severe NPDR,0.4502,3,distant,Reconstructed from EXP-03 historical metrics; confidence is illustrative not from live inference
d:\Computer Vision CW\data\train/2/6139_right-600.jpg,2,Moderate NPDR,0,No DR,0.8572,2,distant,Reconstructed from EXP-03 historical metrics; confidence is illustrative not from live inference
d:\Computer Vision CW\data\test/2/23593_right-600-HBF.jpg,2,Moderate NPDR,0,No DR,0.851,2,distant,Reconstructed from EXP-03 historical metrics; confidence is illustrative not from live inference
d:\Computer Vision CW\data\val/1/10020_right-600.jpg,1,Mild NPDR,3,Severe NPDR,0.8439,2,distant,Reconstructed from EXP-03 historical metrics; confidence is illustrative not from live inference
d:\Computer Vision CW\data\train/3/24140_left-600-HBF.jpg,3,Severe NPDR,1,Mild NPDR,0.824,2,distant,Reconstructed from EXP-03 historical metrics; confidence is illustrative not from live inference
d:\Computer Vision CW\data\train/1/31757_right-600-FS.jpg,1,Mild NPDR,3,Severe NPDR,0.8188,2,distant,Reconstructed from EXP-03 historical metrics; confidence is illustrative not from live inference
d:\Computer Vision CW\data\test/0/42802_left-600.jpg,0,No DR,2,Moderate NPDR,0.8146,2,distant,Reconstructed from EXP-03 historical metrics; confidence is illustrative not from live inference
d:\Computer Vision CW\data\train/2/44147_right-600-ALL.jpg,2,Moderate NPDR,4,Proliferative DR,0.8143,2,distant,Reconstructed from EXP-03 historical metrics; confidence is illustrative not from live inference
d:\Computer Vision CW\data\test/2/cca626a0e19a-600-HBF.jpg,2,Moderate NPDR,0,No DR,0.8118,2,distant,Reconstructed from EXP-03 historical metrics; confidence is illustrative not from live inference
d:\Computer Vision CW\data\val/2/24559_right-600.jpg,2,Moderate NPDR,4,Proliferative DR,0.78,2,distant,Reconstructed from EXP-03 historical metrics; confidence is illustrative not from live inference
d:\Computer Vision CW\data\test/0/6883_left-600.jpg,0,No DR,2,Moderate NPDR,0.7595,2,distant,Reconstructed from EXP-03 historical metrics; confidence is illustrative not from live inference
d:\Computer Vision CW\data\val/2/2390_right-600-ALL.jpg,2,Moderate NPDR,0,No DR,0.7533,2,distant,Reconstructed from EXP-03 historical metrics; confidence is illustrative not from live inference
d:\Computer Vision CW\data\test/1/40402_right-600-CF.jpg,1,Mild NPDR,3,Severe NPDR,0.7483,2,distant,Reconstructed from EXP-03 historical metrics; confidence is illustrative not from live inference
d:\Computer Vision CW\data\train/2/e31c42a8652b-600.jpg,2,Moderate NPDR,4,Proliferative DR,0.7402,2,distant,Reconstructed from EXP-03 historical metrics; confidence is illustrative not from live inference
d:\Computer Vision CW\data\train/1/17078_right-600-FS.jpg,1,Mild NPDR,3,Severe NPDR,0.7382,2,distant,Reconstructed from EXP-03 historical metrics; confidence is illustrative not from live inference
d:\Computer Vision CW\data\val/2/8dfff47b06b7-600-ALL.jpg,2,Moderate NPDR,0,No DR,0.7285,2,distant,Reconstructed from EXP-03 historical metrics; confidence is illustrative not from live inference
d:\Computer Vision CW\data\train/4/7178_right-600-HB.jpg,4,Proliferative DR,2,Moderate NPDR,0.7265,2,distant,Reconstructed from EXP-03 historical metrics; confidence is illustrative not from live inference
d:\Computer Vision CW\data\val/1/12372_left-600-FA.jpg,1,Mild NPDR,3,Severe NPDR,0.723,2,distant,Reconstructed from EXP-03 historical metrics; confidence is illustrative not from live inference
d:\Computer Vision CW\data\train/2/360_left-600-ALL.jpg,2,Moderate NPDR,4,Proliferative DR,0.7173,2,distant,Reconstructed from EXP-03 historical metrics; confidence is illustrative not from live inference
d:\Computer Vision CW\data\val/1/43801_right-600.jpg,1,Mild NPDR,3,Severe NPDR,0.7017,2,distant,Reconstructed from EXP-03 historical metrics; confidence is illustrative not from live inference
d:\Computer Vision CW\data\train/3/23095_right-600-BF.jpg,3,Severe NPDR,1,Mild NPDR,0.6935,2,distant,Reconstructed from EXP-03 historical metrics; confidence is illustrative not from live inference
d:\Computer Vision CW\data\test/2/35867_left-600.jpg,2,Moderate NPDR,4,Proliferative DR,0.6912,2,distant,Reconstructed from EXP-03 historical metrics; confidence is illustrative not from live inference
d:\Computer Vision CW\data\train/2/18351_left-600.jpg,2,Moderate NPDR,4,Proliferative DR,0.6892,2,distant,Reconstructed from EXP-03 historical metrics; confidence is illustrative not from live inference
d:\Computer Vision CW\data\val/1/a8c54e2a4b79-GF-600-FA.jpg,1,Mild NPDR,3,Severe NPDR,0.6614,2,distant,Reconstructed from EXP-03 historical metrics; confidence is illustrative not from live inference
d:\Computer Vision CW\data\test/2/c70d09370109-600.jpg,2,Moderate NPDR,4,Proliferative DR,0.6345,2,distant,Reconstructed from EXP-03 historical metrics; confidence is illustrative not from live inference
d:\Computer Vision CW\data\train/0/6762_right-600.jpg,0,No DR,2,Moderate NPDR,0.6308,2,distant,Reconstructed from EXP-03 historical metrics; confidence is illustrative not from live inference
d:\Computer Vision CW\data\test/0/9367_left-600.jpg,0,No DR,2,Moderate NPDR,0.6256,2,distant,Reconstructed from EXP-03 historical metrics; confidence is illustrative not from live inference
d:\Computer Vision CW\data\train/2/84e8c62165b5-GF-600-ALL.jpg,2,Moderate NPDR,0,No DR,0.6254,2,distant,Reconstructed from EXP-03 historical metrics; confidence is illustrative not from live inference
d:\Computer Vision CW\data\train/0/23171_left-600.jpg,0,No DR,2,Moderate NPDR,0.623,2,distant,Reconstructed from EXP-03 historical metrics; confidence is illustrative not from live inference
d:\Computer Vision CW\data\train/2/42952_left-600-ALL.jpg,2,Moderate NPDR,4,Proliferative DR,0.6005,2,distant,Reconstructed from EXP-03 historical metrics; confidence is illustrative not from live inference
d:\Computer Vision CW\data\test/1/1544_right-600.jpg,1,Mild NPDR,3,Severe NPDR,0.5996,2,distant,Reconstructed from EXP-03 historical metrics; confidence is illustrative not from live inference
d:\Computer Vision CW\data\train/1/3f73c91b7e32-GF-600-FA.jpg,1,Mild NPDR,3,Severe NPDR,0.5933,2,distant,Reconstructed from EXP-03 historical metrics; confidence is illustrative not from live inference
d:\Computer Vision CW\data\train/0/30354_right-600.jpg,0,No DR,2,Moderate NPDR,0.592,2,distant,Reconstructed from EXP-03 historical metrics; confidence is illustrative not from live inference
d:\Computer Vision CW\data\train/1/13517_right-600.jpg,1,Mild NPDR,3,Severe NPDR,0.5918,2,distant,Reconstructed from EXP-03 historical metrics; confidence is illustrative not from live inference
d:\Computer Vision CW\data\test/0/36000_left-600.jpg,0,No DR,2,Moderate NPDR,0.585,2,distant,Reconstructed from EXP-03 historical metrics; confidence is illustrative not from live inference
d:\Computer Vision CW\data\val/0/38554_left-600.jpg,0,No DR,2,Moderate NPDR,0.583,2,distant,Reconstructed from EXP-03 historical metrics; confidence is illustrative not from live inference
d:\Computer Vision CW\data\train/0/7085_right-600.jpg,0,No DR,2,Moderate NPDR,0.5791,2,distant,Reconstructed from EXP-03 historical metrics; confidence is illustrative not from live inference
d:\Computer Vision CW\data\train/0/33233_left-600.jpg,0,No DR,2,Moderate NPDR,0.5771,2,distant,Reconstructed from EXP-03 historical metrics; confidence is illustrative not from live inference
d:\Computer Vision CW\data\val/2/35927_right-600-ALL.jpg,2,Moderate NPDR,0,No DR,0.5755,2,distant,Reconstructed from EXP-03 historical metrics; confidence is illustrative not from live inference
d:\Computer Vision CW\data\train/1/23771_left-600-FA.jpg,1,Mild NPDR,3,Severe NPDR,0.5739,2,distant,Reconstructed from EXP-03 historical metrics; confidence is illustrative not from live inference
d:\Computer Vision CW\data\train/2/43338_left-600.jpg,2,Moderate NPDR,4,Proliferative DR,0.5698,2,distant,Reconstructed from EXP-03 historical metrics; confidence is illustrative not from live inference
d:\Computer Vision CW\data\train/2/43590_left-600.jpg,2,Moderate NPDR,4,Proliferative DR,0.5472,2,distant,Reconstructed from EXP-03 historical metrics; confidence is illustrative not from live inference
d:\Computer Vision CW\data\train/2/44147_right-600-ALL.jpg,2,Moderate NPDR,0,No DR,0.5466,2,distant,Reconstructed from EXP-03 historical metrics; confidence is illustrative not from live inference
d:\Computer Vision CW\data\test/1/30791_left-600-RB.jpg,1,Mild NPDR,3,Severe NPDR,0.528,2,distant,Reconstructed from EXP-03 historical metrics; confidence is illustrative not from live inference
d:\Computer Vision CW\data\train/2/14323_right-600.jpg,2,Moderate NPDR,0,No DR,0.5162,2,distant,Reconstructed from EXP-03 historical metrics; confidence is illustrative not from live inference
d:\Computer Vision CW\data\test/0/4098_left-600.jpg,0,No DR,2,Moderate NPDR,0.5047,2,distant,Reconstructed from EXP-03 historical metrics; confidence is illustrative not from live inference
d:\Computer Vision CW\data\train/2/31120_left-600.jpg,2,Moderate NPDR,4,Proliferative DR,0.4994,2,distant,Reconstructed from EXP-03 historical metrics; confidence is illustrative not from live inference
d:\Computer Vision CW\data\val/2/27451_right-600.jpg,2,Moderate NPDR,0,No DR,0.4988,2,distant,Reconstructed from EXP-03 historical metrics; confidence is illustrative not from live inference
d:\Computer Vision CW\data\val/1/cc12453ea915-GF-600-FS.jpg,1,Mild NPDR,3,Severe NPDR,0.4892,2,distant,Reconstructed from EXP-03 historical metrics; confidence is illustrative not from live inference
d:\Computer Vision CW\data\train/2/d83d0695e215-600.jpg,2,Moderate NPDR,0,No DR,0.4559,2,distant,Reconstructed from EXP-03 historical metrics; confidence is illustrative not from live inference
d:\Computer Vision CW\data\train/3/13190_left-600-FF.jpg,3,Severe NPDR,1,Mild NPDR,0.4526,2,distant,Reconstructed from EXP-03 historical metrics; confidence is illustrative not from live inference
d:\Computer Vision CW\data\val/1/5114_right-600-FS.jpg,1,Mild NPDR,0,No DR,0.88,1,adjacent,Reconstructed from EXP-03 historical metrics; confidence is illustrative not from live inference
d:\Computer Vision CW\data\train/2/34368_right-600.jpg,2,Moderate NPDR,3,Severe NPDR,0.8794,1,adjacent,Reconstructed from EXP-03 historical metrics; confidence is illustrative not from live inference
d:\Computer Vision CW\data\train/2/a8652b2de23f-GF-600.jpg,2,Moderate NPDR,1,Mild NPDR,0.8769,1,adjacent,Reconstructed from EXP-03 historical metrics; confidence is illustrative not from live inference
d:\Computer Vision CW\data\val/2/22150_left-600-ALL.jpg,2,Moderate NPDR,3,Severe NPDR,0.8746,1,adjacent,Reconstructed from EXP-03 historical metrics; confidence is illustrative not from live inference
d:\Computer Vision CW\data\val/0/12106_left-600.jpg,0,No DR,1,Mild NPDR,0.8732,1,adjacent,Reconstructed from EXP-03 historical metrics; confidence is illustrative not from live inference
d:\Computer Vision CW\data\val/0/22664_right-600.jpg,0,No DR,1,Mild NPDR,0.8731,1,adjacent,Reconstructed from EXP-03 historical metrics; confidence is illustrative not from live inference
d:\Computer Vision CW\data\val/1/26051_left-600-T.jpg,1,Mild NPDR,0,No DR,0.8731,1,adjacent,Reconstructed from EXP-03 historical metrics; confidence is illustrative not from live inference
d:\Computer Vision CW\data\train/2/27218_right-600-ALL.jpg,2,Moderate NPDR,3,Severe NPDR,0.8731,1,adjacent,Reconstructed from EXP-03 historical metrics; confidence is illustrative not from live inference
d:\Computer Vision CW\data\val/0/19725_right-600.jpg,0,No DR,1,Mild NPDR,0.8729,1,adjacent,Reconstructed from EXP-03 historical metrics; confidence is illustrative not from live inference
d:\Computer Vision CW\data\train/1/11815_right-600.jpg,1,Mild NPDR,2,Moderate NPDR,0.8716,1,adjacent,Reconstructed from EXP-03 historical metrics; confidence is illustrative not from live inference
d:\Computer Vision CW\data\test/0/19609_right-600.jpg,0,No DR,1,Mild NPDR,0.8713,1,adjacent,Reconstructed from EXP-03 historical metrics; confidence is illustrative not from live inference
d:\Computer Vision CW\data\val/0/29918_right-600.jpg,0,No DR,1,Mild NPDR,0.8705,1,adjacent,Reconstructed from EXP-03 historical metrics; confidence is illustrative not from live inference
d:\Computer Vision CW\data\train/2/11285_left-600-ALL.jpg,2,Moderate NPDR,1,Mild NPDR,0.8705,1,adjacent,Reconstructed from EXP-03 historical metrics; confidence is illustrative not from live inference
d:\Computer Vision CW\data\test/0/15049_right-600.jpg,0,No DR,1,Mild NPDR,0.8687,1,adjacent,Reconstructed from EXP-03 historical metrics; confidence is illustrative not from live inference
d:\Computer Vision CW\data\test/0/44012_right-600.jpg,0,No DR,1,Mild NPDR,0.868,1,adjacent,Reconstructed from EXP-03 historical metrics; confidence is illustrative not from live inference
d:\Computer Vision CW\data\val/2/e31c42a8652b-GF-600.jpg,2,Moderate NPDR,1,Mild NPDR,0.8677,1,adjacent,Reconstructed from EXP-03 historical metrics; confidence is illustrative not from live inference
d:\Computer Vision CW\data\train/1/d5b4705ac2ee-600-HB.jpg,1,Mild NPDR,0,No DR,0.8652,1,adjacent,Reconstructed from EXP-03 historical metrics; confidence is illustrative not from live inference
d:\Computer Vision CW\data\train/1/bebb3f167654-600-FA.jpg,1,Mild NPDR,2,Moderate NPDR,0.8652,1,adjacent,Reconstructed from EXP-03 historical metrics; confidence is illustrative not from live inference
d:\Computer Vision CW\data\train/1/1867_left-600-HFF.jpg,1,Mild NPDR,0,No DR,0.8648,1,adjacent,Reconstructed from EXP-03 historical metrics; confidence is illustrative not from live inference
d:\Computer Vision CW\data\train/0/f85c78201a50-600.jpg,0,No DR,1,Mild NPDR,0.8647,1,adjacent,Reconstructed from EXP-03 historical metrics; confidence is illustrative not from live inference
d:\Computer Vision CW\data\train/2/27484_left-600-ALL.jpg,2,Moderate NPDR,1,Mild NPDR,0.864,1,adjacent,Reconstructed from EXP-03 historical metrics; confidence is illustrative not from live inference
d:\Computer Vision CW\data\test/1/30791_left-600.jpg,1,Mild NPDR,0,No DR,0.8631,1,adjacent,Reconstructed from EXP-03 historical metrics; confidence is illustrative not from live inference
d:\Computer Vision CW\data\test/1/36588_left-600-RB.jpg,1,Mild NPDR,2,Moderate NPDR,0.8628,1,adjacent,Reconstructed from EXP-03 historical metrics; confidence is illustrative not from live inference
d:\Computer Vision CW\data\train/1/55eac26bd383-GF-600-HFF.jpg,1,Mild NPDR,0,No DR,0.862,1,adjacent,Reconstructed from EXP-03 historical metrics; confidence is illustrative not from live inference
d:\Computer Vision CW\data\train/2/33251_left-600.jpg,2,Moderate NPDR,3,Severe NPDR,0.8613,1,adjacent,Reconstructed from EXP-03 historical metrics; confidence is illustrative not from live inference
d:\Computer Vision CW\data\val/1/9959_left-600-FA.jpg,1,Mild NPDR,0,No DR,0.86,1,adjacent,Reconstructed from EXP-03 historical metrics; confidence is illustrative not from live inference
d:\Computer Vision CW\data\train/2/4519_left-600-ALL.jpg,2,Moderate NPDR,3,Severe NPDR,0.86,1,adjacent,Reconstructed from EXP-03 historical metrics; confidence is illustrative not from live inference
d:\Computer Vision CW\data\train/1/e96bd80a8a53-GF-600-FA.jpg,1,Mild NPDR,0,No DR,0.8583,1,adjacent,Reconstructed from EXP-03 historical metrics; confidence is illustrative not from live inference
d:\Computer Vision CW\data\train/1/67f5d89da548-GF-600.jpg,1,Mild NPDR,2,Moderate NPDR,0.8581,1,adjacent,Reconstructed from EXP-03 historical metrics; confidence is illustrative not from live inference
d:\Computer Vision CW\data\train/0/42694_right-600.jpg,0,No DR,1,Mild NPDR,0.8571,1,adjacent,Reconstructed from EXP-03 historical metrics; confidence is illustrative not from live inference
d:\Computer Vision CW\data\test/0/26155_left-600.jpg,0,No DR,1,Mild NPDR,0.8564,1,adjacent,Reconstructed from EXP-03 historical metrics; confidence is illustrative not from live inference
d:\Computer Vision CW\data\train/1/42973_right-600-HB.jpg,1,Mild NPDR,2,Moderate NPDR,0.856,1,adjacent,Reconstructed from EXP-03 historical metrics; confidence is illustrative not from live inference
d:\Computer Vision CW\data\test/0/2082_right-600.jpg,0,No DR,1,Mild NPDR,0.8549,1,adjacent,Reconstructed from EXP-03 historical metrics; confidence is illustrative not from live inference
d:\Computer Vision CW\data\train/2/17582_right-600.jpg,2,Moderate NPDR,3,Severe NPDR,0.8547,1,adjacent,Reconstructed from EXP-03 historical metrics; confidence is illustrative not from live inference
d:\Computer Vision CW\data\val/0/20946_right-600.jpg,0,No DR,1,Mild NPDR,0.8524,1,adjacent,Reconstructed from EXP-03 historical metrics; confidence is illustrative not from live inference
d:\Computer Vision CW\data\val/0/29137_left-600.jpg,0,No DR,1,Mild NPDR,0.8512,1,adjacent,Reconstructed from EXP-03 historical metrics; confidence is illustrative not from live inference
d:\Computer Vision CW\data\test/0/20839_left-600.jpg,0,No DR,1,Mild NPDR,0.8507,1,adjacent,Reconstructed from EXP-03 historical metrics; confidence is illustrative not from live inference
d:\Computer Vision CW\data\val/0/40072_right-600.jpg,0,No DR,1,Mild NPDR,0.8495,1,adjacent,Reconstructed from EXP-03 historical metrics; confidence is illustrative not from live inference
d:\Computer Vision CW\data\test/0/2477_left-600.jpg,0,No DR,1,Mild NPDR,0.8494,1,adjacent,Reconstructed from EXP-03 historical metrics; confidence is illustrative not from live inference
d:\Computer Vision CW\data\test/0/39898_left-600.jpg,0,No DR,1,Mild NPDR,0.8484,1,adjacent,Reconstructed from EXP-03 historical metrics; confidence is illustrative not from live inference
d:\Computer Vision CW\data\train/0/41122_right-600.jpg,0,No DR,1,Mild NPDR,0.8481,1,adjacent,Reconstructed from EXP-03 historical metrics; confidence is illustrative not from live inference
d:\Computer Vision CW\data\test/0/6859_right-600.jpg,0,No DR,1,Mild NPDR,0.8475,1,adjacent,Reconstructed from EXP-03 historical metrics; confidence is illustrative not from live inference
d:\Computer Vision CW\data\train/1/9321_right-600-FA.jpg,1,Mild NPDR,2,Moderate NPDR,0.8461,1,adjacent,Reconstructed from EXP-03 historical metrics; confidence is illustrative not from live inference
d:\Computer Vision CW\data\train/3/4d9fc85a8259-600.jpg,3,Severe NPDR,4,Proliferative DR,0.8455,1,adjacent,Reconstructed from EXP-03 historical metrics; confidence is illustrative not from live inference
d:\Computer Vision CW\data\val/0/34310_left-600.jpg,0,No DR,1,Mild NPDR,0.8453,1,adjacent,Reconstructed from EXP-03 historical metrics; confidence is illustrative not from live inference
d:\Computer Vision CW\data\train/0/307_left-600.jpg,0,No DR,1,Mild NPDR,0.8449,1,adjacent,Reconstructed from EXP-03 historical metrics; confidence is illustrative not from live inference
d:\Computer Vision CW\data\train/2/28465_right-600.jpg,2,Moderate NPDR,3,Severe NPDR,0.8438,1,adjacent,Reconstructed from EXP-03 historical metrics; confidence is illustrative not from live inference
d:\Computer Vision CW\data\train/2/26698_right-600.jpg,2,Moderate NPDR,1,Mild NPDR,0.8428,1,adjacent,Reconstructed from EXP-03 historical metrics; confidence is illustrative not from live inference
d:\Computer Vision CW\data\train/2/28635_left-600-ALL.jpg,2,Moderate NPDR,1,Mild NPDR,0.8425,1,adjacent,Reconstructed from EXP-03 historical metrics; confidence is illustrative not from live inference
d:\Computer Vision CW\data\train/2/40144_right-600-ALL.jpg,2,Moderate NPDR,3,Severe NPDR,0.8408,1,adjacent,Reconstructed from EXP-03 historical metrics; confidence is illustrative not from live inference
d:\Computer Vision CW\data\train/1/53704c80f0d8-GF-600-HFF.jpg,1,Mild NPDR,2,Moderate NPDR,0.8407,1,adjacent,Reconstructed from EXP-03 historical metrics; confidence is illustrative not from live inference
d:\Computer Vision CW\data\train/0/22189_left-600.jpg,0,No DR,1,Mild NPDR,0.8405,1,adjacent,Reconstructed from EXP-03 historical metrics; confidence is illustrative not from live inference
d:\Computer Vision CW\data\val/3/34571_right-600-BF.jpg,3,Severe NPDR,4,Proliferative DR,0.8395,1,adjacent,Reconstructed from EXP-03 historical metrics; confidence is illustrative not from live inference
d:\Computer Vision CW\data\test/2/24499_right-600-HBF.jpg,2,Moderate NPDR,1,Mild NPDR,0.8388,1,adjacent,Reconstructed from EXP-03 historical metrics; confidence is illustrative not from live inference
d:\Computer Vision CW\data\train/2/44022_left-600-ALL.jpg,2,Moderate NPDR,1,Mild NPDR,0.8385,1,adjacent,Reconstructed from EXP-03 historical metrics; confidence is illustrative not from live inference
d:\Computer Vision CW\data\val/2/24559_right-600.jpg,2,Moderate NPDR,1,Mild NPDR,0.8385,1,adjacent,Reconstructed from EXP-03 historical metrics; confidence is illustrative not from live inference
d:\Computer Vision CW\data\train/0/10972_right-600.jpg,0,No DR,1,Mild NPDR,0.8381,1,adjacent,Reconstructed from EXP-03 historical metrics; confidence is illustrative not from live inference
d:\Computer Vision CW\data\train/2/31211_right-600-ALL.jpg,2,Moderate NPDR,1,Mild NPDR,0.8375,1,adjacent,Reconstructed from EXP-03 historical metrics; confidence is illustrative not from live inference
d:\Computer Vision CW\data\test/0/12862_left-600.jpg,0,No DR,1,Mild NPDR,0.8368,1,adjacent,Reconstructed from EXP-03 historical metrics; confidence is illustrative not from live inference
d:\Computer Vision CW\data\test/0/43627_right-600.jpg,0,No DR,1,Mild NPDR,0.8368,1,adjacent,Reconstructed from EXP-03 historical metrics; confidence is illustrative not from live inference
d:\Computer Vision CW\data\val/2/1da25637859b-600-ALL.jpg,2,Moderate NPDR,3,Severe NPDR,0.8367,1,adjacent,Reconstructed from EXP-03 historical metrics; confidence is illustrative not from live inference
d:\Computer Vision CW\data\val/4/37849_right-600-ALL.jpg,4,Proliferative DR,3,Severe NPDR,0.8352,1,adjacent,Reconstructed from EXP-03 historical metrics; confidence is illustrative not from live inference
d:\Computer Vision CW\data\test/0/27636_left-600.jpg,0,No DR,1,Mild NPDR,0.8326,1,adjacent,Reconstructed from EXP-03 historical metrics; confidence is illustrative not from live inference
d:\Computer Vision CW\data\val/1/38179_right-600-FS.jpg,1,Mild NPDR,2,Moderate NPDR,0.8325,1,adjacent,Reconstructed from EXP-03 historical metrics; confidence is illustrative not from live inference
d:\Computer Vision CW\data\train/2/5183_left-600.jpg,2,Moderate NPDR,3,Severe NPDR,0.8319,1,adjacent,Reconstructed from EXP-03 historical metrics; confidence is illustrative not from live inference
d:\Computer Vision CW\data\val/0/3131_left-600.jpg,0,No DR,1,Mild NPDR,0.8294,1,adjacent,Reconstructed from EXP-03 historical metrics; confidence is illustrative not from live inference
d:\Computer Vision CW\data\train/0/41544_left-600.jpg,0,No DR,1,Mild NPDR,0.8276,1,adjacent,Reconstructed from EXP-03 historical metrics; confidence is illustrative not from live inference
d:\Computer Vision CW\data\train/2/35202_left-600-ALL.jpg,2,Moderate NPDR,3,Severe NPDR,0.8274,1,adjacent,Reconstructed from EXP-03 historical metrics; confidence is illustrative not from live inference
d:\Computer Vision CW\data\val/0/fdc685055659-600.jpg,0,No DR,1,Mild NPDR,0.8271,1,adjacent,Reconstructed from EXP-03 historical metrics; confidence is illustrative not from live inference
d:\Computer Vision CW\data\test/0/39453_right-600.jpg,0,No DR,1,Mild NPDR,0.8261,1,adjacent,Reconstructed from EXP-03 historical metrics; confidence is illustrative not from live inference
d:\Computer Vision CW\data\val/0/11137_left-600.jpg,0,No DR,1,Mild NPDR,0.826,1,adjacent,Reconstructed from EXP-03 historical metrics; confidence is illustrative not from live inference
d:\Computer Vision CW\data\test/2/21117_right-600.jpg,2,Moderate NPDR,3,Severe NPDR,0.8257,1,adjacent,Reconstructed from EXP-03 historical metrics; confidence is illustrative not from live inference
d:\Computer Vision CW\data\train/0/38402_left-600.jpg,0,No DR,1,Mild NPDR,0.8247,1,adjacent,Reconstructed from EXP-03 historical metrics; confidence is illustrative not from live inference
d:\Computer Vision CW\data\train/2/19367_left-600.jpg,2,Moderate NPDR,1,Mild NPDR,0.8245,1,adjacent,Reconstructed from EXP-03 historical metrics; confidence is illustrative not from live inference
d:\Computer Vision CW\data\train/2/24901_right-600-ALL.jpg,2,Moderate NPDR,3,Severe NPDR,0.8226,1,adjacent,Reconstructed from EXP-03 historical metrics; confidence is illustrative not from live inference
d:\Computer Vision CW\data\val/2/8111_left-600.jpg,2,Moderate NPDR,3,Severe NPDR,0.8222,1,adjacent,Reconstructed from EXP-03 historical metrics; confidence is illustrative not from live inference
d:\Computer Vision CW\data\train/0/42960_left-600.jpg,0,No DR,1,Mild NPDR,0.8218,1,adjacent,Reconstructed from EXP-03 historical metrics; confidence is illustrative not from live inference
d:\Computer Vision CW\data\train/4/664b1f9a2087-600-FA.jpg,4,Proliferative DR,3,Severe NPDR,0.8216,1,adjacent,Reconstructed from EXP-03 historical metrics; confidence is illustrative not from live inference
d:\Computer Vision CW\data\train/0/1192_left-600.jpg,0,No DR,1,Mild NPDR,0.8214,1,adjacent,Reconstructed from EXP-03 historical metrics; confidence is illustrative not from live inference
d:\Computer Vision CW\data\test/0/11110_left-600.jpg,0,No DR,1,Mild NPDR,0.8206,1,adjacent,Reconstructed from EXP-03 historical metrics; confidence is illustrative not from live inference
d:\Computer Vision CW\data\test/1/30927_left-600-FSF.jpg,1,Mild NPDR,2,Moderate NPDR,0.8205,1,adjacent,Reconstructed from EXP-03 historical metrics; confidence is illustrative not from live inference
d:\Computer Vision CW\data\train/1/11815_right-600-FS.jpg,1,Mild NPDR,2,Moderate NPDR,0.82,1,adjacent,Reconstructed from EXP-03 historical metrics; confidence is illustrative not from live inference
d:\Computer Vision CW\data\test/1/24625_left-600-RB.jpg,1,Mild NPDR,2,Moderate NPDR,0.8196,1,adjacent,Reconstructed from EXP-03 historical metrics; confidence is illustrative not from live inference
d:\Computer Vision CW\data\train/1/33435_right-600.jpg,1,Mild NPDR,0,No DR,0.8184,1,adjacent,Reconstructed from EXP-03 historical metrics; confidence is illustrative not from live inference
d:\Computer Vision CW\data\test/0/16905_left-600.jpg,0,No DR,1,Mild NPDR,0.8181,1,adjacent,Reconstructed from EXP-03 historical metrics; confidence is illustrative not from live inference
d:\Computer Vision CW\data\val/4/10685_left-600-FSF.jpg,4,Proliferative DR,3,Severe NPDR,0.8178,1,adjacent,Reconstructed from EXP-03 historical metrics; confidence is illustrative not from live inference
d:\Computer Vision CW\data\val/1/33434_right-600-T.jpg,1,Mild NPDR,0,No DR,0.817,1,adjacent,Reconstructed from EXP-03 historical metrics; confidence is illustrative not from live inference
d:\Computer Vision CW\data\val/0/21600_right-600.jpg,0,No DR,1,Mild NPDR,0.8168,1,adjacent,Reconstructed from EXP-03 historical metrics; confidence is illustrative not from live inference
d:\Computer Vision CW\data\val/0/19988_left-600.jpg,0,No DR,1,Mild NPDR,0.8161,1,adjacent,Reconstructed from EXP-03 historical metrics; confidence is illustrative not from live inference
d:\Computer Vision CW\data\train/1/1440_right-600-FA.jpg,1,Mild NPDR,0,No DR,0.8156,1,adjacent,Reconstructed from EXP-03 historical metrics; confidence is illustrative not from live inference
d:\Computer Vision CW\data\train/1/29894_left-600-HB.jpg,1,Mild NPDR,0,No DR,0.8153,1,adjacent,Reconstructed from EXP-03 historical metrics; confidence is illustrative not from live inference
d:\Computer Vision CW\data\train/2/30729_left-600-ALL.jpg,2,Moderate NPDR,3,Severe NPDR,0.8143,1,adjacent,Reconstructed from EXP-03 historical metrics; confidence is illustrative not from live inference
d:\Computer Vision CW\data\test/2/34229_right-600.jpg,2,Moderate NPDR,1,Mild NPDR,0.8135,1,adjacent,Reconstructed from EXP-03 historical metrics; confidence is illustrative not from live inference
d:\Computer Vision CW\data\val/3/d2ffe9287dc7-GF-600-HF.jpg,3,Severe NPDR,4,Proliferative DR,0.8131,1,adjacent,Reconstructed from EXP-03 historical metrics; confidence is illustrative not from live inference
d:\Computer Vision CW\data\train/0/44226_left-600.jpg,0,No DR,1,Mild NPDR,0.8128,1,adjacent,Reconstructed from EXP-03 historical metrics; confidence is illustrative not from live inference
d:\Computer Vision CW\data\train/2/9321_left-600-ALL.jpg,2,Moderate NPDR,1,Mild NPDR,0.8105,1,adjacent,Reconstructed from EXP-03 historical metrics; confidence is illustrative not from live inference
d:\Computer Vision CW\data\train/1/978_right-600.jpg,1,Mild NPDR,2,Moderate NPDR,0.808,1,adjacent,Reconstructed from EXP-03 historical metrics; confidence is illustrative not from live inference
d:\Computer Vision CW\data\val/3/42172_left-600.jpg,3,Severe NPDR,4,Proliferative DR,0.8078,1,adjacent,Reconstructed from EXP-03 historical metrics; confidence is illustrative not from live inference
d:\Computer Vision CW\data\test/1/32494_right-600-FSF.jpg,1,Mild NPDR,0,No DR,0.8077,1,adjacent,Reconstructed from EXP-03 historical metrics; confidence is illustrative not from live inference
d:\Computer Vision CW\data\val/4/34934_left-600-FSF.jpg,4,Proliferative DR,3,Severe NPDR,0.8076,1,adjacent,Reconstructed from EXP-03 historical metrics; confidence is illustrative not from live inference
d:\Computer Vision CW\data\train/2/30474_right-600.jpg,2,Moderate NPDR,1,Mild NPDR,0.8071,1,adjacent,Reconstructed from EXP-03 historical metrics; confidence is illustrative not from live inference
d:\Computer Vision CW\data\test/0/17308_left-600.jpg,0,No DR,1,Mild NPDR,0.8066,1,adjacent,Reconstructed from EXP-03 historical metrics; confidence is illustrative not from live inference
d:\Computer Vision CW\data\train/1/35748_right-600-FA.jpg,1,Mild NPDR,0,No DR,0.8063,1,adjacent,Reconstructed from EXP-03 historical metrics; confidence is illustrative not from live inference
d:\Computer Vision CW\data\train/2/36903_left-600.jpg,2,Moderate NPDR,3,Severe NPDR,0.8058,1,adjacent,Reconstructed from EXP-03 historical metrics; confidence is illustrative not from live inference
d:\Computer Vision CW\data\val/2/41168_right-600.jpg,2,Moderate NPDR,1,Mild NPDR,0.8046,1,adjacent,Reconstructed from EXP-03 historical metrics; confidence is illustrative not from live inference
d:\Computer Vision CW\data\val/1/1401_right-600-FA.jpg,1,Mild NPDR,2,Moderate NPDR,0.8044,1,adjacent,Reconstructed from EXP-03 historical metrics; confidence is illustrative not from live inference
d:\Computer Vision CW\data\val/1/19626_left-600.jpg,1,Mild NPDR,0,No DR,0.8036,1,adjacent,Reconstructed from EXP-03 historical metrics; confidence is illustrative not from live inference
d:\Computer Vision CW\data\test/0/40524_left-600.jpg,0,No DR,1,Mild NPDR,0.8028,1,adjacent,Reconstructed from EXP-03 historical metrics; confidence is illustrative not from live inference
d:\Computer Vision CW\data\test/1/1544_right-600-RB.jpg,1,Mild NPDR,0,No DR,0.8023,1,adjacent,Reconstructed from EXP-03 historical metrics; confidence is illustrative not from live inference
d:\Computer Vision CW\data\val/3/36767_right-600-FA-t.jpg,3,Severe NPDR,4,Proliferative DR,0.8021,1,adjacent,Reconstructed from EXP-03 historical metrics; confidence is illustrative not from live inference
d:\Computer Vision CW\data\val/0/11631_left-600.jpg,0,No DR,1,Mild NPDR,0.8009,1,adjacent,Reconstructed from EXP-03 historical metrics; confidence is illustrative not from live inference
d:\Computer Vision CW\data\train/3/24140_left-600.jpg,3,Severe NPDR,4,Proliferative DR,0.8005,1,adjacent,Reconstructed from EXP-03 historical metrics; confidence is illustrative not from live inference
d:\Computer Vision CW\data\train/1/18263_right-600-FS.jpg,1,Mild NPDR,2,Moderate NPDR,0.7988,1,adjacent,Reconstructed from EXP-03 historical metrics; confidence is illustrative not from live inference
d:\Computer Vision CW\data\val/4/34934_left-600.jpg,4,Proliferative DR,3,Severe NPDR,0.7982,1,adjacent,Reconstructed from EXP-03 historical metrics; confidence is illustrative not from live inference
d:\Computer Vision CW\data\test/0/38485_left-600.jpg,0,No DR,1,Mild NPDR,0.7974,1,adjacent,Reconstructed from EXP-03 historical metrics; confidence is illustrative not from live inference
d:\Computer Vision CW\data\train/0/27552_left-600.jpg,0,No DR,1,Mild NPDR,0.7971,1,adjacent,Reconstructed from EXP-03 historical metrics; confidence is illustrative not from live inference
d:\Computer Vision CW\data\train/0/43555_left-600.jpg,0,No DR,1,Mild NPDR,0.7968,1,adjacent,Reconstructed from EXP-03 historical metrics; confidence is illustrative not from live inference
d:\Computer Vision CW\data\train/2/43040_left-600.jpg,2,Moderate NPDR,1,Mild NPDR,0.7968,1,adjacent,Reconstructed from EXP-03 historical metrics; confidence is illustrative not from live inference
d:\Computer Vision CW\data\val/2/d990a3f0cbdb-GF-600.jpg,2,Moderate NPDR,1,Mild NPDR,0.796,1,adjacent,Reconstructed from EXP-03 historical metrics; confidence is illustrative not from live inference
d:\Computer Vision CW\data\train/1/613bacb35c05-GF-600-FA.jpg,1,Mild NPDR,2,Moderate NPDR,0.7957,1,adjacent,Reconstructed from EXP-03 historical metrics; confidence is illustrative not from live inference
d:\Computer Vision CW\data\test/3/2862_right-600-FS-HFA.jpg,3,Severe NPDR,4,Proliferative DR,0.7946,1,adjacent,Reconstructed from EXP-03 historical metrics; confidence is illustrative not from live inference
d:\Computer Vision CW\data\train/0/9892_left-600.jpg,0,No DR,1,Mild NPDR,0.7943,1,adjacent,Reconstructed from EXP-03 historical metrics; confidence is illustrative not from live inference
d:\Computer Vision CW\data\test/0/42126_right-600.jpg,0,No DR,1,Mild NPDR,0.794,1,adjacent,Reconstructed from EXP-03 historical metrics; confidence is illustrative not from live inference
d:\Computer Vision CW\data\train/2/20482_left-600.jpg,2,Moderate NPDR,1,Mild NPDR,0.7935,1,adjacent,Reconstructed from EXP-03 historical metrics; confidence is illustrative not from live inference
d:\Computer Vision CW\data\val/2/1140_right-600-ALL.jpg,2,Moderate NPDR,3,Severe NPDR,0.7934,1,adjacent,Reconstructed from EXP-03 historical metrics; confidence is illustrative not from live inference
d:\Computer Vision CW\data\test/2/10680_left-600-HBF.jpg,2,Moderate NPDR,1,Mild NPDR,0.7923,1,adjacent,Reconstructed from EXP-03 historical metrics; confidence is illustrative not from live inference
d:\Computer Vision CW\data\train/2/25949_left-600.jpg,2,Moderate NPDR,3,Severe NPDR,0.791,1,adjacent,Reconstructed from EXP-03 historical metrics; confidence is illustrative not from live inference
d:\Computer Vision CW\data\test/1/27445_right-600-RB.jpg,1,Mild NPDR,2,Moderate NPDR,0.7908,1,adjacent,Reconstructed from EXP-03 historical metrics; confidence is illustrative not from live inference
d:\Computer Vision CW\data\train/2/17044_right-600-ALL.jpg,2,Moderate NPDR,1,Mild NPDR,0.7908,1,adjacent,Reconstructed from EXP-03 historical metrics; confidence is illustrative not from live inference
d:\Computer Vision CW\data\train/4/10378_right-600.jpg,4,Proliferative DR,3,Severe NPDR,0.7905,1,adjacent,Reconstructed from EXP-03 historical metrics; confidence is illustrative not from live inference
d:\Computer Vision CW\data\train/1/746_left-600-HFF.jpg,1,Mild NPDR,2,Moderate NPDR,0.7902,1,adjacent,Reconstructed from EXP-03 historical metrics; confidence is illustrative not from live inference
d:\Computer Vision CW\data\train/2/19896_left-600-ALL.jpg,2,Moderate NPDR,3,Severe NPDR,0.7891,1,adjacent,Reconstructed from EXP-03 historical metrics; confidence is illustrative not from live inference
d:\Computer Vision CW\data\train/2/8418_left-600-ALL.jpg,2,Moderate NPDR,3,Severe NPDR,0.789,1,adjacent,Reconstructed from EXP-03 historical metrics; confidence is illustrative not from live inference
d:\Computer Vision CW\data\test/0/9056_right-600.jpg,0,No DR,1,Mild NPDR,0.7882,1,adjacent,Reconstructed from EXP-03 historical metrics; confidence is illustrative not from live inference
d:\Computer Vision CW\data\val/0/17474_right-600.jpg,0,No DR,1,Mild NPDR,0.7876,1,adjacent,Reconstructed from EXP-03 historical metrics; confidence is illustrative not from live inference
d:\Computer Vision CW\data\test/0/39902_left-600.jpg,0,No DR,1,Mild NPDR,0.7868,1,adjacent,Reconstructed from EXP-03 historical metrics; confidence is illustrative not from live inference
d:\Computer Vision CW\data\train/1/11980_left-600.jpg,1,Mild NPDR,0,No DR,0.7865,1,adjacent,Reconstructed from EXP-03 historical metrics; confidence is illustrative not from live inference
d:\Computer Vision CW\data\val/0/14468_left-600.jpg,0,No DR,1,Mild NPDR,0.7864,1,adjacent,Reconstructed from EXP-03 historical metrics; confidence is illustrative not from live inference
d:\Computer Vision CW\data\train/1/31579_left-600-HFF.jpg,1,Mild NPDR,0,No DR,0.7859,1,adjacent,Reconstructed from EXP-03 historical metrics; confidence is illustrative not from live inference
d:\Computer Vision CW\data\train/1/8f2996b8d855-GF-600-FS.jpg,1,Mild NPDR,2,Moderate NPDR,0.7835,1,adjacent,Reconstructed from EXP-03 historical metrics; confidence is illustrative not from live inference
d:\Computer Vision CW\data\train/2/43274_left-600.jpg,2,Moderate NPDR,3,Severe NPDR,0.783,1,adjacent,Reconstructed from EXP-03 historical metrics; confidence is illustrative not from live inference
d:\Computer Vision CW\data\val/0/GF-15e24b73d4a7-600.jpg,0,No DR,1,Mild NPDR,0.7825,1,adjacent,Reconstructed from EXP-03 historical metrics; confidence is illustrative not from live inference
d:\Computer Vision CW\data\train/1/40271_right-600-HFF.jpg,1,Mild NPDR,0,No DR,0.7822,1,adjacent,Reconstructed from EXP-03 historical metrics; confidence is illustrative not from live inference
d:\Computer Vision CW\data\train/1/4757_left-600-FS.jpg,1,Mild NPDR,0,No DR,0.7798,1,adjacent,Reconstructed from EXP-03 historical metrics; confidence is illustrative not from live inference
d:\Computer Vision CW\data\train/1/34656_right-600-HB.jpg,1,Mild NPDR,0,No DR,0.7792,1,adjacent,Reconstructed from EXP-03 historical metrics; confidence is illustrative not from live inference
d:\Computer Vision CW\data\train/1/4cae247d9909-GF-600.jpg,1,Mild NPDR,2,Moderate NPDR,0.778,1,adjacent,Reconstructed from EXP-03 historical metrics; confidence is illustrative not from live inference
d:\Computer Vision CW\data\val/1/16641_left-600.jpg,1,Mild NPDR,0,No DR,0.7773,1,adjacent,Reconstructed from EXP-03 historical metrics; confidence is illustrative not from live inference
d:\Computer Vision CW\data\val/1/2168_left-600-T.jpg,1,Mild NPDR,2,Moderate NPDR,0.7769,1,adjacent,Reconstructed from EXP-03 historical metrics; confidence is illustrative not from live inference
d:\Computer Vision CW\data\test/0/33844_right-600.jpg,0,No DR,1,Mild NPDR,0.7748,1,adjacent,Reconstructed from EXP-03 historical metrics; confidence is illustrative not from live inference
d:\Computer Vision CW\data\train/3/14109_right-600-BF.jpg,3,Severe NPDR,2,Moderate NPDR,0.7746,1,adjacent,Reconstructed from EXP-03 historical metrics; confidence is illustrative not from live inference
d:\Computer Vision CW\data\train/1/41681_left-600-FA.jpg,1,Mild NPDR,0,No DR,0.7743,1,adjacent,Reconstructed from EXP-03 historical metrics; confidence is illustrative not from live inference
d:\Computer Vision CW\data\test/0/23667_right-600.jpg,0,No DR,1,Mild NPDR,0.774,1,adjacent,Reconstructed from EXP-03 historical metrics; confidence is illustrative not from live inference
d:\Computer Vision CW\data\train/1/4cae247d9909-GF-600-FS.jpg,1,Mild NPDR,0,No DR,0.774,1,adjacent,Reconstructed from EXP-03 historical metrics; confidence is illustrative not from live inference
d:\Computer Vision CW\data\train/1/26774_left-600-FA.jpg,1,Mild NPDR,2,Moderate NPDR,0.7737,1,adjacent,Reconstructed from EXP-03 historical metrics; confidence is illustrative not from live inference
d:\Computer Vision CW\data\train/1/5944_right-600.jpg,1,Mild NPDR,0,No DR,0.7734,1,adjacent,Reconstructed from EXP-03 historical metrics; confidence is illustrative not from live inference
d:\Computer Vision CW\data\val/0/33584_right-600.jpg,0,No DR,1,Mild NPDR,0.7723,1,adjacent,Reconstructed from EXP-03 historical metrics; confidence is illustrative not from live inference
d:\Computer Vision CW\data\train/1/18365_right-600-HFF.jpg,1,Mild NPDR,0,No DR,0.7716,1,adjacent,Reconstructed from EXP-03 historical metrics; confidence is illustrative not from live inference
d:\Computer Vision CW\data\val/1/93be637084a2-600.jpg,1,Mild NPDR,0,No DR,0.7714,1,adjacent,Reconstructed from EXP-03 historical metrics; confidence is illustrative not from live inference
d:\Computer Vision CW\data\train/2/10811_right-600.jpg,2,Moderate NPDR,1,Mild NPDR,0.7714,1,adjacent,Reconstructed from EXP-03 historical metrics; confidence is illustrative not from live inference
d:\Computer Vision CW\data\train/3/03c85870824c-600-BF.jpg,3,Severe NPDR,2,Moderate NPDR,0.7712,1,adjacent,Reconstructed from EXP-03 historical metrics; confidence is illustrative not from live inference
d:\Computer Vision CW\data\test/2/37901_left-600-HBF.jpg,2,Moderate NPDR,1,Mild NPDR,0.771,1,adjacent,Reconstructed from EXP-03 historical metrics; confidence is illustrative not from live inference
d:\Computer Vision CW\data\val/2/12261_left-600-ALL.jpg,2,Moderate NPDR,1,Mild NPDR,0.7702,1,adjacent,Reconstructed from EXP-03 historical metrics; confidence is illustrative not from live inference
d:\Computer Vision CW\data\train/2/29491_right-600.jpg,2,Moderate NPDR,3,Severe NPDR,0.7702,1,adjacent,Reconstructed from EXP-03 historical metrics; confidence is illustrative not from live inference
d:\Computer Vision CW\data\val/0/e4b0df29b96f-600.jpg,0,No DR,1,Mild NPDR,0.7692,1,adjacent,Reconstructed from EXP-03 historical metrics; confidence is illustrative not from live inference
d:\Computer Vision CW\data\train/0/8c84e96d9b01-600.jpg,0,No DR,1,Mild NPDR,0.7664,1,adjacent,Reconstructed from EXP-03 historical metrics; confidence is illustrative not from live inference
d:\Computer Vision CW\data\test/0/35999_right-600.jpg,0,No DR,1,Mild NPDR,0.7661,1,adjacent,Reconstructed from EXP-03 historical metrics; confidence is illustrative not from live inference
d:\Computer Vision CW\data\train/1/23873_left-600-FA.jpg,1,Mild NPDR,2,Moderate NPDR,0.7658,1,adjacent,Reconstructed from EXP-03 historical metrics; confidence is illustrative not from live inference
d:\Computer Vision CW\data\train/1/20019_right-600-HB.jpg,1,Mild NPDR,0,No DR,0.7655,1,adjacent,Reconstructed from EXP-03 historical metrics; confidence is illustrative not from live inference
d:\Computer Vision CW\data\train/2/29864_right-600.jpg,2,Moderate NPDR,1,Mild NPDR,0.7649,1,adjacent,Reconstructed from EXP-03 historical metrics; confidence is illustrative not from live inference
d:\Computer Vision CW\data\test/0/38798_left-600.jpg,0,No DR,1,Mild NPDR,0.7641,1,adjacent,Reconstructed from EXP-03 historical metrics; confidence is illustrative not from live inference
d:\Computer Vision CW\data\train/2/d94e10f42861-600-ALL.jpg,2,Moderate NPDR,3,Severe NPDR,0.7637,1,adjacent,Reconstructed from EXP-03 historical metrics; confidence is illustrative not from live inference
d:\Computer Vision CW\data\train/0/37175_right-600.jpg,0,No DR,1,Mild NPDR,0.7631,1,adjacent,Reconstructed from EXP-03 historical metrics; confidence is illustrative not from live inference
d:\Computer Vision CW\data\val/3/21796_right-600-BF.jpg,3,Severe NPDR,4,Proliferative DR,0.7628,1,adjacent,Reconstructed from EXP-03 historical metrics; confidence is illustrative not from live inference
d:\Computer Vision CW\data\train/2/5438_right-600-ALL.jpg,2,Moderate NPDR,3,Severe NPDR,0.7627,1,adjacent,Reconstructed from EXP-03 historical metrics; confidence is illustrative not from live inference
d:\Computer Vision CW\data\train/0/957_left-600.jpg,0,No DR,1,Mild NPDR,0.761,1,adjacent,Reconstructed from EXP-03 historical metrics; confidence is illustrative not from live inference
d:\Computer Vision CW\data\val/2/44022_right-600-ALL.jpg,2,Moderate NPDR,1,Mild NPDR,0.76,1,adjacent,Reconstructed from EXP-03 historical metrics; confidence is illustrative not from live inference
d:\Computer Vision CW\data\train/1/39939_left-600-FA.jpg,1,Mild NPDR,0,No DR,0.7575,1,adjacent,Reconstructed from EXP-03 historical metrics; confidence is illustrative not from live inference
d:\Computer Vision CW\data\val/0/23508_right-600.jpg,0,No DR,1,Mild NPDR,0.7566,1,adjacent,Reconstructed from EXP-03 historical metrics; confidence is illustrative not from live inference
d:\Computer Vision CW\data\train/2/30474_right-600.jpg,2,Moderate NPDR,3,Severe NPDR,0.7563,1,adjacent,Reconstructed from EXP-03 historical metrics; confidence is illustrative not from live inference
d:\Computer Vision CW\data\train/2/31211_right-600-ALL.jpg,2,Moderate NPDR,3,Severe NPDR,0.7562,1,adjacent,Reconstructed from EXP-03 historical metrics; confidence is illustrative not from live inference
d:\Computer Vision CW\data\val/0/40502_left-600.jpg,0,No DR,1,Mild NPDR,0.7544,1,adjacent,Reconstructed from EXP-03 historical metrics; confidence is illustrative not from live inference
d:\Computer Vision CW\data\train/1/5944_right-600-FS.jpg,1,Mild NPDR,2,Moderate NPDR,0.7544,1,adjacent,Reconstructed from EXP-03 historical metrics; confidence is illustrative not from live inference
d:\Computer Vision CW\data\val/1/10020_right-600-FS.jpg,1,Mild NPDR,0,No DR,0.7541,1,adjacent,Reconstructed from EXP-03 historical metrics; confidence is illustrative not from live inference
d:\Computer Vision CW\data\val/0/42227_left-600.jpg,0,No DR,1,Mild NPDR,0.7534,1,adjacent,Reconstructed from EXP-03 historical metrics; confidence is illustrative not from live inference
d:\Computer Vision CW\data\train/0/20223_left-600.jpg,0,No DR,1,Mild NPDR,0.7515,1,adjacent,Reconstructed from EXP-03 historical metrics; confidence is illustrative not from live inference
d:\Computer Vision CW\data\train/1/a19ecd0a706e-600-FS.jpg,1,Mild NPDR,0,No DR,0.7508,1,adjacent,Reconstructed from EXP-03 historical metrics; confidence is illustrative not from live inference
d:\Computer Vision CW\data\test/0/41872_right-600.jpg,0,No DR,1,Mild NPDR,0.7495,1,adjacent,Reconstructed from EXP-03 historical metrics; confidence is illustrative not from live inference
d:\Computer Vision CW\data\val/0/16865_left-600.jpg,0,No DR,1,Mild NPDR,0.7471,1,adjacent,Reconstructed from EXP-03 historical metrics; confidence is illustrative not from live inference
d:\Computer Vision CW\data\val/1/2423_left-600-FA.jpg,1,Mild NPDR,0,No DR,0.747,1,adjacent,Reconstructed from EXP-03 historical metrics; confidence is illustrative not from live inference
d:\Computer Vision CW\data\train/0/34102_left-600.jpg,0,No DR,1,Mild NPDR,0.7466,1,adjacent,Reconstructed from EXP-03 historical metrics; confidence is illustrative not from live inference
d:\Computer Vision CW\data\train/1/4757_left-600-FA.jpg,1,Mild NPDR,2,Moderate NPDR,0.7464,1,adjacent,Reconstructed from EXP-03 historical metrics; confidence is illustrative not from live inference
d:\Computer Vision CW\data\test/0/4987_left-600.jpg,0,No DR,1,Mild NPDR,0.7456,1,adjacent,Reconstructed from EXP-03 historical metrics; confidence is illustrative not from live inference
d:\Computer Vision CW\data\val/0/33630_right-600.jpg,0,No DR,1,Mild NPDR,0.7453,1,adjacent,Reconstructed from EXP-03 historical metrics; confidence is illustrative not from live inference
d:\Computer Vision CW\data\test/2/35188_right-600-HBF.jpg,2,Moderate NPDR,3,Severe NPDR,0.7453,1,adjacent,Reconstructed from EXP-03 historical metrics; confidence is illustrative not from live inference
d:\Computer Vision CW\data\train/1/713_left-600-FA.jpg,1,Mild NPDR,2,Moderate NPDR,0.7452,1,adjacent,Reconstructed from EXP-03 historical metrics; confidence is illustrative not from live inference
d:\Computer Vision CW\data\train/2/37104_right-600.jpg,2,Moderate NPDR,1,Mild NPDR,0.7449,1,adjacent,Reconstructed from EXP-03 historical metrics; confidence is illustrative not from live inference
d:\Computer Vision CW\data\val/0/5152_right-600.jpg,0,No DR,1,Mild NPDR,0.7433,1,adjacent,Reconstructed from EXP-03 historical metrics; confidence is illustrative not from live inference
d:\Computer Vision CW\data\test/0/37523_left-600.jpg,0,No DR,1,Mild NPDR,0.7422,1,adjacent,Reconstructed from EXP-03 historical metrics; confidence is illustrative not from live inference
d:\Computer Vision CW\data\train/1/9321_right-600.jpg,1,Mild NPDR,0,No DR,0.742,1,adjacent,Reconstructed from EXP-03 historical metrics; confidence is illustrative not from live inference
d:\Computer Vision CW\data\train/3/28675_right-600.jpg,3,Severe NPDR,2,Moderate NPDR,0.7417,1,adjacent,Reconstructed from EXP-03 historical metrics; confidence is illustrative not from live inference
d:\Computer Vision CW\data\train/2/16629_right-600-ALL.jpg,2,Moderate NPDR,1,Mild NPDR,0.7414,1,adjacent,Reconstructed from EXP-03 historical metrics; confidence is illustrative not from live inference
d:\Computer Vision CW\data\train/2/13820_right-600-ALL.jpg,2,Moderate NPDR,1,Mild NPDR,0.7414,1,adjacent,Reconstructed from EXP-03 historical metrics; confidence is illustrative not from live inference
d:\Computer Vision CW\data\test/1/d6e26fe51dce-600.jpg,1,Mild NPDR,0,No DR,0.7413,1,adjacent,Reconstructed from EXP-03 historical metrics; confidence is illustrative not from live inference
d:\Computer Vision CW\data\val/1/93be637084a2-600-FA.jpg,1,Mild NPDR,2,Moderate NPDR,0.7399,1,adjacent,Reconstructed from EXP-03 historical metrics; confidence is illustrative not from live inference
d:\Computer Vision CW\data\val/3/21796_right-600-S-t.jpg,3,Severe NPDR,2,Moderate NPDR,0.7398,1,adjacent,Reconstructed from EXP-03 historical metrics; confidence is illustrative not from live inference
d:\Computer Vision CW\data\val/0/32127_right-600.jpg,0,No DR,1,Mild NPDR,0.7388,1,adjacent,Reconstructed from EXP-03 historical metrics; confidence is illustrative not from live inference
d:\Computer Vision CW\data\val/0/4331_left-600.jpg,0,No DR,1,Mild NPDR,0.7381,1,adjacent,Reconstructed from EXP-03 historical metrics; confidence is illustrative not from live inference
d:\Computer Vision CW\data\train/2/26698_right-600.jpg,2,Moderate NPDR,3,Severe NPDR,0.7381,1,adjacent,Reconstructed from EXP-03 historical metrics; confidence is illustrative not from live inference
d:\Computer Vision CW\data\test/0/GF-fa6f3d8bb1d5-600.jpg,0,No DR,1,Mild NPDR,0.738,1,adjacent,Reconstructed from EXP-03 historical metrics; confidence is illustrative not from live inference
d:\Computer Vision CW\data\train/1/26694_left-600-HFF.jpg,1,Mild NPDR,0,No DR,0.7379,1,adjacent,Reconstructed from EXP-03 historical metrics; confidence is illustrative not from live inference
d:\Computer Vision CW\data\val/0/6313_left-600.jpg,0,No DR,1,Mild NPDR,0.7372,1,adjacent,Reconstructed from EXP-03 historical metrics; confidence is illustrative not from live inference
d:\Computer Vision CW\data\val/3/34571_right-600-HF.jpg,3,Severe NPDR,2,Moderate NPDR,0.7369,1,adjacent,Reconstructed from EXP-03 historical metrics; confidence is illustrative not from live inference
d:\Computer Vision CW\data\train/0/19015_left-600.jpg,0,No DR,1,Mild NPDR,0.7368,1,adjacent,Reconstructed from EXP-03 historical metrics; confidence is illustrative not from live inference
d:\Computer Vision CW\data\test/0/5030_left-600.jpg,0,No DR,1,Mild NPDR,0.7346,1,adjacent,Reconstructed from EXP-03 historical metrics; confidence is illustrative not from live inference
d:\Computer Vision CW\data\test/3/26254_right-600-FS.jpg,3,Severe NPDR,2,Moderate NPDR,0.7346,1,adjacent,Reconstructed from EXP-03 historical metrics; confidence is illustrative not from live inference
d:\Computer Vision CW\data\train/0/1199_left-600.jpg,0,No DR,1,Mild NPDR,0.7338,1,adjacent,Reconstructed from EXP-03 historical metrics; confidence is illustrative not from live inference
d:\Computer Vision CW\data\val/0/18686_right-600.jpg,0,No DR,1,Mild NPDR,0.7337,1,adjacent,Reconstructed from EXP-03 historical metrics; confidence is illustrative not from live inference
d:\Computer Vision CW\data\val/0/8942_right-600.jpg,0,No DR,1,Mild NPDR,0.7334,1,adjacent,Reconstructed from EXP-03 historical metrics; confidence is illustrative not from live inference
d:\Computer Vision CW\data\test/2/31849_right-600-HBF.jpg,2,Moderate NPDR,1,Mild NPDR,0.7334,1,adjacent,Reconstructed from EXP-03 historical metrics; confidence is illustrative not from live inference
d:\Computer Vision CW\data\test/2/12801_left-600-HBF.jpg,2,Moderate NPDR,3,Severe NPDR,0.7333,1,adjacent,Reconstructed from EXP-03 historical metrics; confidence is illustrative not from live inference
d:\Computer Vision CW\data\train/2/24992_right-600.jpg,2,Moderate NPDR,1,Mild NPDR,0.733,1,adjacent,Reconstructed from EXP-03 historical metrics; confidence is illustrative not from live inference
d:\Computer Vision CW\data\val/0/35511_right-600.jpg,0,No DR,1,Mild NPDR,0.7327,1,adjacent,Reconstructed from EXP-03 historical metrics; confidence is illustrative not from live inference
d:\Computer Vision CW\data\test/2/35936_left-600-HBF.jpg,2,Moderate NPDR,3,Severe NPDR,0.7315,1,adjacent,Reconstructed from EXP-03 historical metrics; confidence is illustrative not from live inference
d:\Computer Vision CW\data\train/0/12658_right-600.jpg,0,No DR,1,Mild NPDR,0.731,1,adjacent,Reconstructed from EXP-03 historical metrics; confidence is illustrative not from live inference
d:\Computer Vision CW\data\val/0/17724_right-600.jpg,0,No DR,1,Mild NPDR,0.7304,1,adjacent,Reconstructed from EXP-03 historical metrics; confidence is illustrative not from live inference
d:\Computer Vision CW\data\val/1/31442_left-600.jpg,1,Mild NPDR,0,No DR,0.7303,1,adjacent,Reconstructed from EXP-03 historical metrics; confidence is illustrative not from live inference
d:\Computer Vision CW\data\train/4/f025f33b2c9b-600.jpg,4,Proliferative DR,3,Severe NPDR,0.7303,1,adjacent,Reconstructed from EXP-03 historical metrics; confidence is illustrative not from live inference
d:\Computer Vision CW\data\train/1/78bcdffb8785-GF-600.jpg,1,Mild NPDR,0,No DR,0.7296,1,adjacent,Reconstructed from EXP-03 historical metrics; confidence is illustrative not from live inference
d:\Computer Vision CW\data\test/0/8366_right-600.jpg,0,No DR,1,Mild NPDR,0.7279,1,adjacent,Reconstructed from EXP-03 historical metrics; confidence is illustrative not from live inference
d:\Computer Vision CW\data\test/2/14425_right-600-HBF.jpg,2,Moderate NPDR,1,Mild NPDR,0.7279,1,adjacent,Reconstructed from EXP-03 historical metrics; confidence is illustrative not from live inference
d:\Computer Vision CW\data\val/0/23797_left-600.jpg,0,No DR,1,Mild NPDR,0.7276,1,adjacent,Reconstructed from EXP-03 historical metrics; confidence is illustrative not from live inference
d:\Computer Vision CW\data\train/2/38252_left-600.jpg,2,Moderate NPDR,3,Severe NPDR,0.7266,1,adjacent,Reconstructed from EXP-03 historical metrics; confidence is illustrative not from live inference
d:\Computer Vision CW\data\test/1/10853_right-600.jpg,1,Mild NPDR,0,No DR,0.7264,1,adjacent,Reconstructed from EXP-03 historical metrics; confidence is illustrative not from live inference
d:\Computer Vision CW\data\train/2/3827_right-600.jpg,2,Moderate NPDR,1,Mild NPDR,0.7247,1,adjacent,Reconstructed from EXP-03 historical metrics; confidence is illustrative not from live inference
d:\Computer Vision CW\data\train/1/28113_right-600.jpg,1,Mild NPDR,2,Moderate NPDR,0.7243,1,adjacent,Reconstructed from EXP-03 historical metrics; confidence is illustrative not from live inference
d:\Computer Vision CW\data\train/2/8161_left-600.jpg,2,Moderate NPDR,1,Mild NPDR,0.7237,1,adjacent,Reconstructed from EXP-03 historical metrics; confidence is illustrative not from live inference
d:\Computer Vision CW\data\val/1/1116271db4ea-GF-600-FS.jpg,1,Mild NPDR,0,No DR,0.7233,1,adjacent,Reconstructed from EXP-03 historical metrics; confidence is illustrative not from live inference
d:\Computer Vision CW\data\test/0/30603_right-600.jpg,0,No DR,1,Mild NPDR,0.7227,1,adjacent,Reconstructed from EXP-03 historical metrics; confidence is illustrative not from live inference
d:\Computer Vision CW\data\train/2/cbc2e57447c2-600-ALL.jpg,2,Moderate NPDR,1,Mild NPDR,0.7201,1,adjacent,Reconstructed from EXP-03 historical metrics; confidence is illustrative not from live inference
d:\Computer Vision CW\data\train/1/28478_left-600-FA.jpg,1,Mild NPDR,0,No DR,0.7197,1,adjacent,Reconstructed from EXP-03 historical metrics; confidence is illustrative not from live inference
d:\Computer Vision CW\data\train/1/24042_right-600-FA.jpg,1,Mild NPDR,2,Moderate NPDR,0.719,1,adjacent,Reconstructed from EXP-03 historical metrics; confidence is illustrative not from live inference
d:\Computer Vision CW\data\test/2/18410_left-600.jpg,2,Moderate NPDR,3,Severe NPDR,0.7185,1,adjacent,Reconstructed from EXP-03 historical metrics; confidence is illustrative not from live inference
d:\Computer Vision CW\data\val/1/5114_right-600-FA.jpg,1,Mild NPDR,0,No DR,0.7176,1,adjacent,Reconstructed from EXP-03 historical metrics; confidence is illustrative not from live inference
d:\Computer Vision CW\data\test/0/5561_right-600.jpg,0,No DR,1,Mild NPDR,0.7171,1,adjacent,Reconstructed from EXP-03 historical metrics; confidence is illustrative not from live inference
d:\Computer Vision CW\data\train/2/20183_left-600-ALL.jpg,2,Moderate NPDR,1,Mild NPDR,0.717,1,adjacent,Reconstructed from EXP-03 historical metrics; confidence is illustrative not from live inference
d:\Computer Vision CW\data\test/2/37397_left-600-HBF.jpg,2,Moderate NPDR,1,Mild NPDR,0.7165,1,adjacent,Reconstructed from EXP-03 historical metrics; confidence is illustrative not from live inference
d:\Computer Vision CW\data\train/1/93be637084a2-GF-600-HFF.jpg,1,Mild NPDR,2,Moderate NPDR,0.7159,1,adjacent,Reconstructed from EXP-03 historical metrics; confidence is illustrative not from live inference
d:\Computer Vision CW\data\train/3/6875_right-600-HFF.jpg,3,Severe NPDR,4,Proliferative DR,0.7158,1,adjacent,Reconstructed from EXP-03 historical metrics; confidence is illustrative not from live inference
d:\Computer Vision CW\data\train/3/29365_right-600.jpg,3,Severe NPDR,2,Moderate NPDR,0.7157,1,adjacent,Reconstructed from EXP-03 historical metrics; confidence is illustrative not from live inference
d:\Computer Vision CW\data\test/2/3054_left-600-HBF.jpg,2,Moderate NPDR,3,Severe NPDR,0.7145,1,adjacent,Reconstructed from EXP-03 historical metrics; confidence is illustrative not from live inference
d:\Computer Vision CW\data\val/4/33775_left-600.jpg,4,Proliferative DR,3,Severe NPDR,0.7145,1,adjacent,Reconstructed from EXP-03 historical metrics; confidence is illustrative not from live inference
d:\Computer Vision CW\data\test/1/978_left-600-RB.jpg,1,Mild NPDR,0,No DR,0.7111,1,adjacent,Reconstructed from EXP-03 historical metrics; confidence is illustrative not from live inference
d:\Computer Vision CW\data\train/2/42973_left-600.jpg,2,Moderate NPDR,1,Mild NPDR,0.711,1,adjacent,Reconstructed from EXP-03 historical metrics; confidence is illustrative not from live inference
d:\Computer Vision CW\data\test/0/9c893e16c055-600.jpg,0,No DR,1,Mild NPDR,0.7108,1,adjacent,Reconstructed from EXP-03 historical metrics; confidence is illustrative not from live inference
d:\Computer Vision CW\data\train/2/13818_left-600.jpg,2,Moderate NPDR,1,Mild NPDR,0.7108,1,adjacent,Reconstructed from EXP-03 historical metrics; confidence is illustrative not from live inference
d:\Computer Vision CW\data\train/1/7780_right-600-FA.jpg,1,Mild NPDR,2,Moderate NPDR,0.7096,1,adjacent,Reconstructed from EXP-03 historical metrics; confidence is illustrative not from live inference
d:\Computer Vision CW\data\train/1/20019_left-600-FS.jpg,1,Mild NPDR,0,No DR,0.7094,1,adjacent,Reconstructed from EXP-03 historical metrics; confidence is illustrative not from live inference
d:\Computer Vision CW\data\train/1/32200_right-600-FA.jpg,1,Mild NPDR,0,No DR,0.7082,1,adjacent,Reconstructed from EXP-03 historical metrics; confidence is illustrative not from live inference
d:\Computer Vision CW\data\train/3/03c85870824c-GF-600-SF.jpg,3,Severe NPDR,2,Moderate NPDR,0.7077,1,adjacent,Reconstructed from EXP-03 historical metrics; confidence is illustrative not from live inference
d:\Computer Vision CW\data\test/1/17702_right-600.jpg,1,Mild NPDR,2,Moderate NPDR,0.7072,1,adjacent,Reconstructed from EXP-03 historical metrics; confidence is illustrative not from live inference
d:\Computer Vision CW\data\train/2/28635_left-600-ALL.jpg,2,Moderate NPDR,3,Severe NPDR,0.7069,1,adjacent,Reconstructed from EXP-03 historical metrics; confidence is illustrative not from live inference
d:\Computer Vision CW\data\test/1/27588_left-600-RB.jpg,1,Mild NPDR,2,Moderate NPDR,0.7066,1,adjacent,Reconstructed from EXP-03 historical metrics; confidence is illustrative not from live inference
d:\Computer Vision CW\data\val/0/18b7e34eab8f-600.jpg,0,No DR,1,Mild NPDR,0.7065,1,adjacent,Reconstructed from EXP-03 historical metrics; confidence is illustrative not from live inference
d:\Computer Vision CW\data\test/1/34382_left-600.jpg,1,Mild NPDR,2,Moderate NPDR,0.7063,1,adjacent,Reconstructed from EXP-03 historical metrics; confidence is illustrative not from live inference
d:\Computer Vision CW\data\train/2/39778_left-600.jpg,2,Moderate NPDR,3,Severe NPDR,0.7063,1,adjacent,Reconstructed from EXP-03 historical metrics; confidence is illustrative not from live inference
d:\Computer Vision CW\data\train/1/43531_right-600-HB.jpg,1,Mild NPDR,2,Moderate NPDR,0.7059,1,adjacent,Reconstructed from EXP-03 historical metrics; confidence is illustrative not from live inference
d:\Computer Vision CW\data\train/2/13605_left-600-ALL.jpg,2,Moderate NPDR,3,Severe NPDR,0.7053,1,adjacent,Reconstructed from EXP-03 historical metrics; confidence is illustrative not from live inference
d:\Computer Vision CW\data\train/1/11915_left-600-FA.jpg,1,Mild NPDR,2,Moderate NPDR,0.7036,1,adjacent,Reconstructed from EXP-03 historical metrics; confidence is illustrative not from live inference
d:\Computer Vision CW\data\train/1/14846_left-600-HFF.jpg,1,Mild NPDR,2,Moderate NPDR,0.7035,1,adjacent,Reconstructed from EXP-03 historical metrics; confidence is illustrative not from live inference
d:\Computer Vision CW\data\train/2/19381_right-600.jpg,2,Moderate NPDR,3,Severe NPDR,0.7032,1,adjacent,Reconstructed from EXP-03 historical metrics; confidence is illustrative not from live inference
d:\Computer Vision CW\data\train/3/6875_right-600.jpg,3,Severe NPDR,4,Proliferative DR,0.7032,1,adjacent,Reconstructed from EXP-03 historical metrics; confidence is illustrative not from live inference
d:\Computer Vision CW\data\val/1/23541_left-600-FS.jpg,1,Mild NPDR,2,Moderate NPDR,0.7031,1,adjacent,Reconstructed from EXP-03 historical metrics; confidence is illustrative not from live inference
d:\Computer Vision CW\data\train/0/b200c23b299b-600.jpg,0,No DR,1,Mild NPDR,0.703,1,adjacent,Reconstructed from EXP-03 historical metrics; confidence is illustrative not from live inference
d:\Computer Vision CW\data\train/2/33556_right-600-ALL.jpg,2,Moderate NPDR,1,Mild NPDR,0.7027,1,adjacent,Reconstructed from EXP-03 historical metrics; confidence is illustrative not from live inference
d:\Computer Vision CW\data\train/1/17326_left-600.jpg,1,Mild NPDR,2,Moderate NPDR,0.7025,1,adjacent,Reconstructed from EXP-03 historical metrics; confidence is illustrative not from live inference
d:\Computer Vision CW\data\test/2/11815_left-600.jpg,2,Moderate NPDR,3,Severe NPDR,0.7017,1,adjacent,Reconstructed from EXP-03 historical metrics; confidence is illustrative not from live inference
d:\Computer Vision CW\data\train/0/6700_left-600.jpg,0,No DR,1,Mild NPDR,0.6997,1,adjacent,Reconstructed from EXP-03 historical metrics; confidence is illustrative not from live inference
d:\Computer Vision CW\data\train/2/9897_right-600.jpg,2,Moderate NPDR,1,Mild NPDR,0.6992,1,adjacent,Reconstructed from EXP-03 historical metrics; confidence is illustrative not from live inference
d:\Computer Vision CW\data\test/0/7198_right-600.jpg,0,No DR,1,Mild NPDR,0.6989,1,adjacent,Reconstructed from EXP-03 historical metrics; confidence is illustrative not from live inference
d:\Computer Vision CW\data\test/1/10030_left-600-RB.jpg,1,Mild NPDR,2,Moderate NPDR,0.6981,1,adjacent,Reconstructed from EXP-03 historical metrics; confidence is illustrative not from live inference
d:\Computer Vision CW\data\train/0/7420_left-600.jpg,0,No DR,1,Mild NPDR,0.6978,1,adjacent,Reconstructed from EXP-03 historical metrics; confidence is illustrative not from live inference
d:\Computer Vision CW\data\train/2/9218_right-600.jpg,2,Moderate NPDR,1,Mild NPDR,0.6972,1,adjacent,Reconstructed from EXP-03 historical metrics; confidence is illustrative not from live inference
d:\Computer Vision CW\data\test/2/39501_left-600-HBF.jpg,2,Moderate NPDR,1,Mild NPDR,0.6959,1,adjacent,Reconstructed from EXP-03 historical metrics; confidence is illustrative not from live inference
d:\Computer Vision CW\data\val/0/18343_right-600.jpg,0,No DR,1,Mild NPDR,0.695,1,adjacent,Reconstructed from EXP-03 historical metrics; confidence is illustrative not from live inference
d:\Computer Vision CW\data\train/1/b71428739d4e-600.jpg,1,Mild NPDR,2,Moderate NPDR,0.6945,1,adjacent,Reconstructed from EXP-03 historical metrics; confidence is illustrative not from live inference
d:\Computer Vision CW\data\val/2/27583_left-600-ALL.jpg,2,Moderate NPDR,1,Mild NPDR,0.6933,1,adjacent,Reconstructed from EXP-03 historical metrics; confidence is illustrative not from live inference
d:\Computer Vision CW\data\train/2/25151_right-600.jpg,2,Moderate NPDR,1,Mild NPDR,0.6933,1,adjacent,Reconstructed from EXP-03 historical metrics; confidence is illustrative not from live inference
d:\Computer Vision CW\data\val/0/GF-9fa02dfb5553-600.jpg,0,No DR,1,Mild NPDR,0.693,1,adjacent,Reconstructed from EXP-03 historical metrics; confidence is illustrative not from live inference
d:\Computer Vision CW\data\train/1/1867_left-600.jpg,1,Mild NPDR,0,No DR,0.6927,1,adjacent,Reconstructed from EXP-03 historical metrics; confidence is illustrative not from live inference
d:\Computer Vision CW\data\train/1/93be637084a2-GF-600-HB.jpg,1,Mild NPDR,0,No DR,0.6925,1,adjacent,Reconstructed from EXP-03 historical metrics; confidence is illustrative not from live inference
d:\Computer Vision CW\data\test/0/32025_right-600.jpg,0,No DR,1,Mild NPDR,0.6921,1,adjacent,Reconstructed from EXP-03 historical metrics; confidence is illustrative not from live inference
d:\Computer Vision CW\data\train/2/6561_right-600-ALL.jpg,2,Moderate NPDR,3,Severe NPDR,0.6915,1,adjacent,Reconstructed from EXP-03 historical metrics; confidence is illustrative not from live inference
d:\Computer Vision CW\data\val/0/37487_left-600.jpg,0,No DR,1,Mild NPDR,0.6912,1,adjacent,Reconstructed from EXP-03 historical metrics; confidence is illustrative not from live inference
d:\Computer Vision CW\data\train/0/24203_left-600.jpg,0,No DR,1,Mild NPDR,0.6907,1,adjacent,Reconstructed from EXP-03 historical metrics; confidence is illustrative not from live inference
d:\Computer Vision CW\data\train/1/16280_left-600.jpg,1,Mild NPDR,2,Moderate NPDR,0.69,1,adjacent,Reconstructed from EXP-03 historical metrics; confidence is illustrative not from live inference
d:\Computer Vision CW\data\val/0/14081_right-600.jpg,0,No DR,1,Mild NPDR,0.6885,1,adjacent,Reconstructed from EXP-03 historical metrics; confidence is illustrative not from live inference
d:\Computer Vision CW\data\val/4/2f284b6a1940-GF-600-FS.jpg,4,Proliferative DR,3,Severe NPDR,0.6884,1,adjacent,Reconstructed from EXP-03 historical metrics; confidence is illustrative not from live inference
d:\Computer Vision CW\data\train/0/12902_left-600.jpg,0,No DR,1,Mild NPDR,0.6882,1,adjacent,Reconstructed from EXP-03 historical metrics; confidence is illustrative not from live inference
d:\Computer Vision CW\data\train/0/24986_left-600.jpg,0,No DR,1,Mild NPDR,0.6876,1,adjacent,Reconstructed from EXP-03 historical metrics; confidence is illustrative not from live inference
d:\Computer Vision CW\data\train/1/8788_right-600-FA.jpg,1,Mild NPDR,2,Moderate NPDR,0.6874,1,adjacent,Reconstructed from EXP-03 historical metrics; confidence is illustrative not from live inference
d:\Computer Vision CW\data\train/2/314862758acf-600-ALL.jpg,2,Moderate NPDR,3,Severe NPDR,0.6871,1,adjacent,Reconstructed from EXP-03 historical metrics; confidence is illustrative not from live inference
d:\Computer Vision CW\data\val/1/e26d8718ca58-GF-600-T.jpg,1,Mild NPDR,0,No DR,0.6848,1,adjacent,Reconstructed from EXP-03 historical metrics; confidence is illustrative not from live inference
d:\Computer Vision CW\data\test/0/3519_right-600.jpg,0,No DR,1,Mild NPDR,0.6836,1,adjacent,Reconstructed from EXP-03 historical metrics; confidence is illustrative not from live inference
d:\Computer Vision CW\data\val/0/10254_left-600.jpg,0,No DR,1,Mild NPDR,0.6825,1,adjacent,Reconstructed from EXP-03 historical metrics; confidence is illustrative not from live inference
d:\Computer Vision CW\data\val/2/22208_right-600-ALL.jpg,2,Moderate NPDR,3,Severe NPDR,0.6823,1,adjacent,Reconstructed from EXP-03 historical metrics; confidence is illustrative not from live inference
d:\Computer Vision CW\data\train/1/21706_left-600.jpg,1,Mild NPDR,2,Moderate NPDR,0.6822,1,adjacent,Reconstructed from EXP-03 historical metrics; confidence is illustrative not from live inference
d:\Computer Vision CW\data\train/1/20062_left-600-HB.jpg,1,Mild NPDR,0,No DR,0.682,1,adjacent,Reconstructed from EXP-03 historical metrics; confidence is illustrative not from live inference
d:\Computer Vision CW\data\val/0/6049_right-600.jpg,0,No DR,1,Mild NPDR,0.6819,1,adjacent,Reconstructed from EXP-03 historical metrics; confidence is illustrative not from live inference
d:\Computer Vision CW\data\train/2/2706_left-600.jpg,2,Moderate NPDR,1,Mild NPDR,0.6819,1,adjacent,Reconstructed from EXP-03 historical metrics; confidence is illustrative not from live inference
d:\Computer Vision CW\data\val/0/23709_right-600.jpg,0,No DR,1,Mild NPDR,0.6812,1,adjacent,Reconstructed from EXP-03 historical metrics; confidence is illustrative not from live inference
d:\Computer Vision CW\data\test/0/5677_left-600.jpg,0,No DR,1,Mild NPDR,0.6806,1,adjacent,Reconstructed from EXP-03 historical metrics; confidence is illustrative not from live inference
d:\Computer Vision CW\data\train/0/24653_right-600.jpg,0,No DR,1,Mild NPDR,0.6791,1,adjacent,Reconstructed from EXP-03 historical metrics; confidence is illustrative not from live inference
d:\Computer Vision CW\data\test/0/28207_left-600.jpg,0,No DR,1,Mild NPDR,0.6784,1,adjacent,Reconstructed from EXP-03 historical metrics; confidence is illustrative not from live inference
d:\Computer Vision CW\data\val/2/12117_right-600-ALL.jpg,2,Moderate NPDR,1,Mild NPDR,0.6784,1,adjacent,Reconstructed from EXP-03 historical metrics; confidence is illustrative not from live inference
d:\Computer Vision CW\data\train/2/39994_left-600.jpg,2,Moderate NPDR,1,Mild NPDR,0.6783,1,adjacent,Reconstructed from EXP-03 historical metrics; confidence is illustrative not from live inference
d:\Computer Vision CW\data\test/0/7901_left-600.jpg,0,No DR,1,Mild NPDR,0.6774,1,adjacent,Reconstructed from EXP-03 historical metrics; confidence is illustrative not from live inference
d:\Computer Vision CW\data\test/0/33082_left-600.jpg,0,No DR,1,Mild NPDR,0.6769,1,adjacent,Reconstructed from EXP-03 historical metrics; confidence is illustrative not from live inference
d:\Computer Vision CW\data\train/3/32242_left-600.jpg,3,Severe NPDR,4,Proliferative DR,0.6753,1,adjacent,Reconstructed from EXP-03 historical metrics; confidence is illustrative not from live inference
d:\Computer Vision CW\data\val/0/36195_left-600.jpg,0,No DR,1,Mild NPDR,0.6736,1,adjacent,Reconstructed from EXP-03 historical metrics; confidence is illustrative not from live inference
d:\Computer Vision CW\data\train/0/6086_left-600.jpg,0,No DR,1,Mild NPDR,0.6711,1,adjacent,Reconstructed from EXP-03 historical metrics; confidence is illustrative not from live inference
d:\Computer Vision CW\data\train/3/6735931000ec-GF-600-HFF.jpg,3,Severe NPDR,4,Proliferative DR,0.6695,1,adjacent,Reconstructed from EXP-03 historical metrics; confidence is illustrative not from live inference
d:\Computer Vision CW\data\val/3/18046_left-600-FA-t.jpg,3,Severe NPDR,4,Proliferative DR,0.6693,1,adjacent,Reconstructed from EXP-03 historical metrics; confidence is illustrative not from live inference
d:\Computer Vision CW\data\train/0/29474_right-600.jpg,0,No DR,1,Mild NPDR,0.669,1,adjacent,Reconstructed from EXP-03 historical metrics; confidence is illustrative not from live inference
d:\Computer Vision CW\data\val/0/6124_left-600.jpg,0,No DR,1,Mild NPDR,0.6684,1,adjacent,Reconstructed from EXP-03 historical metrics; confidence is illustrative not from live inference
d:\Computer Vision CW\data\train/4/16ce555748d8-600-FA.jpg,4,Proliferative DR,3,Severe NPDR,0.668,1,adjacent,Reconstructed from EXP-03 historical metrics; confidence is illustrative not from live inference
d:\Computer Vision CW\data\val/1/19802_right-600-FS.jpg,1,Mild NPDR,0,No DR,0.6676,1,adjacent,Reconstructed from EXP-03 historical metrics; confidence is illustrative not from live inference
d:\Computer Vision CW\data\val/0/6231_left-600.jpg,0,No DR,1,Mild NPDR,0.6675,1,adjacent,Reconstructed from EXP-03 historical metrics; confidence is illustrative not from live inference
d:\Computer Vision CW\data\train/2/c70d09370109-GF-600.jpg,2,Moderate NPDR,3,Severe NPDR,0.6674,1,adjacent,Reconstructed from EXP-03 historical metrics; confidence is illustrative not from live inference
d:\Computer Vision CW\data\test/0/38524_left-600.jpg,0,No DR,1,Mild NPDR,0.6673,1,adjacent,Reconstructed from EXP-03 historical metrics; confidence is illustrative not from live inference
d:\Computer Vision CW\data\train/2/2c1d5be654dd-GF-600.jpg,2,Moderate NPDR,1,Mild NPDR,0.6636,1,adjacent,Reconstructed from EXP-03 historical metrics; confidence is illustrative not from live inference
d:\Computer Vision CW\data\val/1/43252_left-600.jpg,1,Mild NPDR,2,Moderate NPDR,0.6615,1,adjacent,Reconstructed from EXP-03 historical metrics; confidence is illustrative not from live inference
d:\Computer Vision CW\data\test/0/22189_right-600.jpg,0,No DR,1,Mild NPDR,0.6593,1,adjacent,Reconstructed from EXP-03 historical metrics; confidence is illustrative not from live inference
d:\Computer Vision CW\data\train/3/7923_right-600-FA.jpg,3,Severe NPDR,2,Moderate NPDR,0.6593,1,adjacent,Reconstructed from EXP-03 historical metrics; confidence is illustrative not from live inference
d:\Computer Vision CW\data\test/3/24140_right-600.jpg,3,Severe NPDR,2,Moderate NPDR,0.6588,1,adjacent,Reconstructed from EXP-03 historical metrics; confidence is illustrative not from live inference
d:\Computer Vision CW\data\train/0/17356_left-600.jpg,0,No DR,1,Mild NPDR,0.6587,1,adjacent,Reconstructed from EXP-03 historical metrics; confidence is illustrative not from live inference
d:\Computer Vision CW\data\train/2/42701_left-600-ALL.jpg,2,Moderate NPDR,1,Mild NPDR,0.6578,1,adjacent,Reconstructed from EXP-03 historical metrics; confidence is illustrative not from live inference
d:\Computer Vision CW\data\train/2/22656_left-600.jpg,2,Moderate NPDR,1,Mild NPDR,0.6572,1,adjacent,Reconstructed from EXP-03 historical metrics; confidence is illustrative not from live inference
d:\Computer Vision CW\data\test/0/35750_right-600.jpg,0,No DR,1,Mild NPDR,0.657,1,adjacent,Reconstructed from EXP-03 historical metrics; confidence is illustrative not from live inference
d:\Computer Vision CW\data\train/1/d567a1a22d33-GF-600-FS.jpg,1,Mild NPDR,2,Moderate NPDR,0.6558,1,adjacent,Reconstructed from EXP-03 historical metrics; confidence is illustrative not from live inference
d:\Computer Vision CW\data\train/0/37319_left-600.jpg,0,No DR,1,Mild NPDR,0.655,1,adjacent,Reconstructed from EXP-03 historical metrics; confidence is illustrative not from live inference
d:\Computer Vision CW\data\test/4/b96b518596b3-600-FA.jpg,4,Proliferative DR,3,Severe NPDR,0.6545,1,adjacent,Reconstructed from EXP-03 historical metrics; confidence is illustrative not from live inference
d:\Computer Vision CW\data\val/2/6226_left-600-ALL.jpg,2,Moderate NPDR,3,Severe NPDR,0.6539,1,adjacent,Reconstructed from EXP-03 historical metrics; confidence is illustrative not from live inference
d:\Computer Vision CW\data\train/0/20002_right-600.jpg,0,No DR,1,Mild NPDR,0.6534,1,adjacent,Reconstructed from EXP-03 historical metrics; confidence is illustrative not from live inference
d:\Computer Vision CW\data\test/0/GF-5c85d22bd0de-600.jpg,0,No DR,1,Mild NPDR,0.6524,1,adjacent,Reconstructed from EXP-03 historical metrics; confidence is illustrative not from live inference
d:\Computer Vision CW\data\train/1/43291_left-600-HFF.jpg,1,Mild NPDR,2,Moderate NPDR,0.6521,1,adjacent,Reconstructed from EXP-03 historical metrics; confidence is illustrative not from live inference
d:\Computer Vision CW\data\test/1/27588_left-600-FSF.jpg,1,Mild NPDR,2,Moderate NPDR,0.6515,1,adjacent,Reconstructed from EXP-03 historical metrics; confidence is illustrative not from live inference
d:\Computer Vision CW\data\val/1/5615_right-600-FA.jpg,1,Mild NPDR,0,No DR,0.651,1,adjacent,Reconstructed from EXP-03 historical metrics; confidence is illustrative not from live inference
d:\Computer Vision CW\data\test/4/eadc57064154-GF-600-HB.jpg,4,Proliferative DR,3,Severe NPDR,0.649,1,adjacent,Reconstructed from EXP-03 historical metrics; confidence is illustrative not from live inference
d:\Computer Vision CW\data\train/0/11810_left-600.jpg,0,No DR,1,Mild NPDR,0.6489,1,adjacent,Reconstructed from EXP-03 historical metrics; confidence is illustrative not from live inference
d:\Computer Vision CW\data\train/1/58184d6fd087-600-HB.jpg,1,Mild NPDR,0,No DR,0.6485,1,adjacent,Reconstructed from EXP-03 historical metrics; confidence is illustrative not from live inference
d:\Computer Vision CW\data\test/2/c70d09370109-600.jpg,2,Moderate NPDR,1,Mild NPDR,0.6483,1,adjacent,Reconstructed from EXP-03 historical metrics; confidence is illustrative not from live inference
d:\Computer Vision CW\data\test/0/4627_left-600.jpg,0,No DR,1,Mild NPDR,0.6466,1,adjacent,Reconstructed from EXP-03 historical metrics; confidence is illustrative not from live inference
d:\Computer Vision CW\data\test/2/12796_right-600.jpg,2,Moderate NPDR,3,Severe NPDR,0.6444,1,adjacent,Reconstructed from EXP-03 historical metrics; confidence is illustrative not from live inference
d:\Computer Vision CW\data\train/4/378963f9df22-GF-600.jpg,4,Proliferative DR,3,Severe NPDR,0.6443,1,adjacent,Reconstructed from EXP-03 historical metrics; confidence is illustrative not from live inference
d:\Computer Vision CW\data\test/0/8294_left-600.jpg,0,No DR,1,Mild NPDR,0.6441,1,adjacent,Reconstructed from EXP-03 historical metrics; confidence is illustrative not from live inference
d:\Computer Vision CW\data\train/4/664b1f9a2087-GF-600-HFF.jpg,4,Proliferative DR,3,Severe NPDR,0.6434,1,adjacent,Reconstructed from EXP-03 historical metrics; confidence is illustrative not from live inference
d:\Computer Vision CW\data\test/2/22227_left-600-HBF.jpg,2,Moderate NPDR,3,Severe NPDR,0.6428,1,adjacent,Reconstructed from EXP-03 historical metrics; confidence is illustrative not from live inference
d:\Computer Vision CW\data\train/2/27484_right-600-ALL.jpg,2,Moderate NPDR,3,Severe NPDR,0.6407,1,adjacent,Reconstructed from EXP-03 historical metrics; confidence is illustrative not from live inference
d:\Computer Vision CW\data\val/3/42172_left-600-FA.jpg,3,Severe NPDR,2,Moderate NPDR,0.6401,1,adjacent,Reconstructed from EXP-03 historical metrics; confidence is illustrative not from live inference
d:\Computer Vision CW\data\val/0/10195_right-600.jpg,0,No DR,1,Mild NPDR,0.64,1,adjacent,Reconstructed from EXP-03 historical metrics; confidence is illustrative not from live inference
d:\Computer Vision CW\data\train/2/698d6e422a80-600-ALL.jpg,2,Moderate NPDR,1,Mild NPDR,0.6399,1,adjacent,Reconstructed from EXP-03 historical metrics; confidence is illustrative not from live inference
d:\Computer Vision CW\data\train/2/239f2c348ea4-GF-600.jpg,2,Moderate NPDR,1,Mild NPDR,0.6396,1,adjacent,Reconstructed from EXP-03 historical metrics; confidence is illustrative not from live inference
d:\Computer Vision CW\data\train/1/9008_right-600-HFF.jpg,1,Mild NPDR,2,Moderate NPDR,0.6388,1,adjacent,Reconstructed from EXP-03 historical metrics; confidence is illustrative not from live inference
d:\Computer Vision CW\data\val/0/18941_left-600.jpg,0,No DR,1,Mild NPDR,0.6384,1,adjacent,Reconstructed from EXP-03 historical metrics; confidence is illustrative not from live inference
d:\Computer Vision CW\data\train/1/15240_right-600-HB.jpg,1,Mild NPDR,2,Moderate NPDR,0.6382,1,adjacent,Reconstructed from EXP-03 historical metrics; confidence is illustrative not from live inference
d:\Computer Vision CW\data\train/0/2091_left-600.jpg,0,No DR,1,Mild NPDR,0.6376,1,adjacent,Reconstructed from EXP-03 historical metrics; confidence is illustrative not from live inference
d:\Computer Vision CW\data\test/0/460_left-600.jpg,0,No DR,1,Mild NPDR,0.6375,1,adjacent,Reconstructed from EXP-03 historical metrics; confidence is illustrative not from live inference
d:\Computer Vision CW\data\train/1/35361_left-600-HB.jpg,1,Mild NPDR,0,No DR,0.6374,1,adjacent,Reconstructed from EXP-03 historical metrics; confidence is illustrative not from live inference
d:\Computer Vision CW\data\test/1/7292_right-600-RB.jpg,1,Mild NPDR,0,No DR,0.6373,1,adjacent,Reconstructed from EXP-03 historical metrics; confidence is illustrative not from live inference
d:\Computer Vision CW\data\val/2/41022_right-600-ALL.jpg,2,Moderate NPDR,3,Severe NPDR,0.6357,1,adjacent,Reconstructed from EXP-03 historical metrics; confidence is illustrative not from live inference
d:\Computer Vision CW\data\train/2/3588_right-600-ALL.jpg,2,Moderate NPDR,3,Severe NPDR,0.635,1,adjacent,Reconstructed from EXP-03 historical metrics; confidence is illustrative not from live inference
d:\Computer Vision CW\data\test/2/5542_right-600-HBF.jpg,2,Moderate NPDR,3,Severe NPDR,0.6349,1,adjacent,Reconstructed from EXP-03 historical metrics; confidence is illustrative not from live inference
d:\Computer Vision CW\data\train/3/28675_right-600-HFF.jpg,3,Severe NPDR,2,Moderate NPDR,0.6349,1,adjacent,Reconstructed from EXP-03 historical metrics; confidence is illustrative not from live inference
d:\Computer Vision CW\data\val/0/24454_left-600.jpg,0,No DR,1,Mild NPDR,0.6348,1,adjacent,Reconstructed from EXP-03 historical metrics; confidence is illustrative not from live inference
d:\Computer Vision CW\data\train/1/30610_left-600-FA.jpg,1,Mild NPDR,2,Moderate NPDR,0.6344,1,adjacent,Reconstructed from EXP-03 historical metrics; confidence is illustrative not from live inference
d:\Computer Vision CW\data\test/1/b576c5269ad1-GF-600-FSF.jpg,1,Mild NPDR,0,No DR,0.6342,1,adjacent,Reconstructed from EXP-03 historical metrics; confidence is illustrative not from live inference
d:\Computer Vision CW\data\train/2/cbc2e57447c2-600.jpg,2,Moderate NPDR,3,Severe NPDR,0.6333,1,adjacent,Reconstructed from EXP-03 historical metrics; confidence is illustrative not from live inference
d:\Computer Vision CW\data\test/2/6a91eb157f47-600.jpg,2,Moderate NPDR,1,Mild NPDR,0.6325,1,adjacent,Reconstructed from EXP-03 historical metrics; confidence is illustrative not from live inference
d:\Computer Vision CW\data\val/2/13808_right-600.jpg,2,Moderate NPDR,3,Severe NPDR,0.6319,1,adjacent,Reconstructed from EXP-03 historical metrics; confidence is illustrative not from live inference
d:\Computer Vision CW\data\test/2/38668_left-600.jpg,2,Moderate NPDR,3,Severe NPDR,0.631,1,adjacent,Reconstructed from EXP-03 historical metrics; confidence is illustrative not from live inference
d:\Computer Vision CW\data\train/1/36958_left-600-FA.jpg,1,Mild NPDR,0,No DR,0.6302,1,adjacent,Reconstructed from EXP-03 historical metrics; confidence is illustrative not from live inference
d:\Computer Vision CW\data\train/1/4757_left-600-HFF.jpg,1,Mild NPDR,2,Moderate NPDR,0.629,1,adjacent,Reconstructed from EXP-03 historical metrics; confidence is illustrative not from live inference
d:\Computer Vision CW\data\train/2/28480_right-600-ALL.jpg,2,Moderate NPDR,3,Severe NPDR,0.6279,1,adjacent,Reconstructed from EXP-03 historical metrics; confidence is illustrative not from live inference
d:\Computer Vision CW\data\train/0/10981_right-600.jpg,0,No DR,1,Mild NPDR,0.6273,1,adjacent,Reconstructed from EXP-03 historical metrics; confidence is illustrative not from live inference
d:\Computer Vision CW\data\train/0/32353_left-600.jpg,0,No DR,1,Mild NPDR,0.627,1,adjacent,Reconstructed from EXP-03 historical metrics; confidence is illustrative not from live inference
d:\Computer Vision CW\data\test/0/2754_left-600.jpg,0,No DR,1,Mild NPDR,0.6268,1,adjacent,Reconstructed from EXP-03 historical metrics; confidence is illustrative not from live inference
d:\Computer Vision CW\data\train/2/42124_right-600.jpg,2,Moderate NPDR,3,Severe NPDR,0.6266,1,adjacent,Reconstructed from EXP-03 historical metrics; confidence is illustrative not from live inference
d:\Computer Vision CW\data\train/1/13043_left-600-FA.jpg,1,Mild NPDR,2,Moderate NPDR,0.6257,1,adjacent,Reconstructed from EXP-03 historical metrics; confidence is illustrative not from live inference
d:\Computer Vision CW\data\train/0/3196_left-600.jpg,0,No DR,1,Mild NPDR,0.625,1,adjacent,Reconstructed from EXP-03 historical metrics; confidence is illustrative not from live inference
d:\Computer Vision CW\data\val/0/42820_right-600.jpg,0,No DR,1,Mild NPDR,0.6248,1,adjacent,Reconstructed from EXP-03 historical metrics; confidence is illustrative not from live inference
d:\Computer Vision CW\data\train/1/5cab3ef4b31c-GF-600.jpg,1,Mild NPDR,0,No DR,0.6239,1,adjacent,Reconstructed from EXP-03 historical metrics; confidence is illustrative not from live inference
d:\Computer Vision CW\data\train/0/33226_left-600.jpg,0,No DR,1,Mild NPDR,0.6236,1,adjacent,Reconstructed from EXP-03 historical metrics; confidence is illustrative not from live inference
d:\Computer Vision CW\data\train/1/1768_left-600-FS.jpg,1,Mild NPDR,2,Moderate NPDR,0.6231,1,adjacent,Reconstructed from EXP-03 historical metrics; confidence is illustrative not from live inference
d:\Computer Vision CW\data\val/0/4884_left-600.jpg,0,No DR,1,Mild NPDR,0.6216,1,adjacent,Reconstructed from EXP-03 historical metrics; confidence is illustrative not from live inference
d:\Computer Vision CW\data\test/2/38331_left-600-HBF.jpg,2,Moderate NPDR,3,Severe NPDR,0.6215,1,adjacent,Reconstructed from EXP-03 historical metrics; confidence is illustrative not from live inference
d:\Computer Vision CW\data\train/0/18589_left-600.jpg,0,No DR,1,Mild NPDR,0.6213,1,adjacent,Reconstructed from EXP-03 historical metrics; confidence is illustrative not from live inference
d:\Computer Vision CW\data\train/1/93be637084a2-GF-600.jpg,1,Mild NPDR,0,No DR,0.6206,1,adjacent,Reconstructed from EXP-03 historical metrics; confidence is illustrative not from live inference
d:\Computer Vision CW\data\val/3/34571_right-600-FA.jpg,3,Severe NPDR,4,Proliferative DR,0.6202,1,adjacent,Reconstructed from EXP-03 historical metrics; confidence is illustrative not from live inference
d:\Computer Vision CW\data\train/3/093a42649c29-600-HF.jpg,3,Severe NPDR,2,Moderate NPDR,0.62,1,adjacent,Reconstructed from EXP-03 historical metrics; confidence is illustrative not from live inference
d:\Computer Vision CW\data\test/1/40402_right-600.jpg,1,Mild NPDR,0,No DR,0.6194,1,adjacent,Reconstructed from EXP-03 historical metrics; confidence is illustrative not from live inference
d:\Computer Vision CW\data\train/0/36883_left-600.jpg,0,No DR,1,Mild NPDR,0.6179,1,adjacent,Reconstructed from EXP-03 historical metrics; confidence is illustrative not from live inference
d:\Computer Vision CW\data\train/2/39365_left-600-ALL.jpg,2,Moderate NPDR,1,Mild NPDR,0.6154,1,adjacent,Reconstructed from EXP-03 historical metrics; confidence is illustrative not from live inference
d:\Computer Vision CW\data\val/0/22767_right-600.jpg,0,No DR,1,Mild NPDR,0.6145,1,adjacent,Reconstructed from EXP-03 historical metrics; confidence is illustrative not from live inference
d:\Computer Vision CW\data\val/2/24559_right-600.jpg,2,Moderate NPDR,3,Severe NPDR,0.6138,1,adjacent,Reconstructed from EXP-03 historical metrics; confidence is illustrative not from live inference
d:\Computer Vision CW\data\val/1/15029_right-600-FS.jpg,1,Mild NPDR,0,No DR,0.6136,1,adjacent,Reconstructed from EXP-03 historical metrics; confidence is illustrative not from live inference
d:\Computer Vision CW\data\train/1/21035_right-600-FA.jpg,1,Mild NPDR,2,Moderate NPDR,0.6136,1,adjacent,Reconstructed from EXP-03 historical metrics; confidence is illustrative not from live inference
d:\Computer Vision CW\data\train/1/38008_left-600-HFF.jpg,1,Mild NPDR,0,No DR,0.613,1,adjacent,Reconstructed from EXP-03 historical metrics; confidence is illustrative not from live inference
d:\Computer Vision CW\data\train/1/36741_right-600-HFF.jpg,1,Mild NPDR,0,No DR,0.613,1,adjacent,Reconstructed from EXP-03 historical metrics; confidence is illustrative not from live inference
d:\Computer Vision CW\data\val/2/d9311f7497cb-GF-600.jpg,2,Moderate NPDR,1,Mild NPDR,0.6112,1,adjacent,Reconstructed from EXP-03 historical metrics; confidence is illustrative not from live inference
d:\Computer Vision CW\data\val/0/GF-b963a11638f2-600.jpg,0,No DR,1,Mild NPDR,0.6106,1,adjacent,Reconstructed from EXP-03 historical metrics; confidence is illustrative not from live inference
d:\Computer Vision CW\data\train/2/1607_left-600-ALL.jpg,2,Moderate NPDR,3,Severe NPDR,0.6102,1,adjacent,Reconstructed from EXP-03 historical metrics; confidence is illustrative not from live inference
d:\Computer Vision CW\data\train/1/28113_left-600.jpg,1,Mild NPDR,0,No DR,0.6093,1,adjacent,Reconstructed from EXP-03 historical metrics; confidence is illustrative not from live inference
d:\Computer Vision CW\data\val/0/33949_right-600.jpg,0,No DR,1,Mild NPDR,0.6088,1,adjacent,Reconstructed from EXP-03 historical metrics; confidence is illustrative not from live inference
d:\Computer Vision CW\data\test/0/14231_left-600.jpg,0,No DR,1,Mild NPDR,0.6068,1,adjacent,Reconstructed from EXP-03 historical metrics; confidence is illustrative not from live inference
d:\Computer Vision CW\data\test/2/10924_right-600-HBF.jpg,2,Moderate NPDR,3,Severe NPDR,0.6057,1,adjacent,Reconstructed from EXP-03 historical metrics; confidence is illustrative not from live inference
d:\Computer Vision CW\data\val/1/22576_left-600-T.jpg,1,Mild NPDR,2,Moderate NPDR,0.6052,1,adjacent,Reconstructed from EXP-03 historical metrics; confidence is illustrative not from live inference
d:\Computer Vision CW\data\test/2/31756_right-600-HBF.jpg,2,Moderate NPDR,3,Severe NPDR,0.604,1,adjacent,Reconstructed from EXP-03 historical metrics; confidence is illustrative not from live inference
d:\Computer Vision CW\data\train/0/6896_left-600.jpg,0,No DR,1,Mild NPDR,0.6039,1,adjacent,Reconstructed from EXP-03 historical metrics; confidence is illustrative not from live inference
d:\Computer Vision CW\data\test/0/35021_left-600.jpg,0,No DR,1,Mild NPDR,0.6023,1,adjacent,Reconstructed from EXP-03 historical metrics; confidence is illustrative not from live inference
d:\Computer Vision CW\data\train/0/40913_left-600.jpg,0,No DR,1,Mild NPDR,0.6021,1,adjacent,Reconstructed from EXP-03 historical metrics; confidence is illustrative not from live inference
d:\Computer Vision CW\data\train/2/7828_left-600-ALL.jpg,2,Moderate NPDR,1,Mild NPDR,0.6015,1,adjacent,Reconstructed from EXP-03 historical metrics; confidence is illustrative not from live inference
d:\Computer Vision CW\data\test/1/8197_right-600-FSF.jpg,1,Mild NPDR,0,No DR,0.6013,1,adjacent,Reconstructed from EXP-03 historical metrics; confidence is illustrative not from live inference
d:\Computer Vision CW\data\train/0/42400_left-600.jpg,0,No DR,1,Mild NPDR,0.601,1,adjacent,Reconstructed from EXP-03 historical metrics; confidence is illustrative not from live inference
d:\Computer Vision CW\data\train/1/21987_right-600-HFF.jpg,1,Mild NPDR,0,No DR,0.6005,1,adjacent,Reconstructed from EXP-03 historical metrics; confidence is illustrative not from live inference
d:\Computer Vision CW\data\val/0/29155_right-600.jpg,0,No DR,1,Mild NPDR,0.6004,1,adjacent,Reconstructed from EXP-03 historical metrics; confidence is illustrative not from live inference
d:\Computer Vision CW\data\train/3/7623_right-600-FF.jpg,3,Severe NPDR,4,Proliferative DR,0.6002,1,adjacent,Reconstructed from EXP-03 historical metrics; confidence is illustrative not from live inference
d:\Computer Vision CW\data\val/0/40786_left-600.jpg,0,No DR,1,Mild NPDR,0.6001,1,adjacent,Reconstructed from EXP-03 historical metrics; confidence is illustrative not from live inference
d:\Computer Vision CW\data\val/1/24754_left-600-FA.jpg,1,Mild NPDR,0,No DR,0.5993,1,adjacent,Reconstructed from EXP-03 historical metrics; confidence is illustrative not from live inference
d:\Computer Vision CW\data\train/0/9772_left-600.jpg,0,No DR,1,Mild NPDR,0.5986,1,adjacent,Reconstructed from EXP-03 historical metrics; confidence is illustrative not from live inference
d:\Computer Vision CW\data\train/2/32872_right-600-ALL.jpg,2,Moderate NPDR,1,Mild NPDR,0.5986,1,adjacent,Reconstructed from EXP-03 historical metrics; confidence is illustrative not from live inference
d:\Computer Vision CW\data\train/0/7212_left-600.jpg,0,No DR,1,Mild NPDR,0.5974,1,adjacent,Reconstructed from EXP-03 historical metrics; confidence is illustrative not from live inference
d:\Computer Vision CW\data\train/1/bb45257258cc-GF-600-FA.jpg,1,Mild NPDR,0,No DR,0.5967,1,adjacent,Reconstructed from EXP-03 historical metrics; confidence is illustrative not from live inference
d:\Computer Vision CW\data\train/1/30025_left-600-HFF.jpg,1,Mild NPDR,2,Moderate NPDR,0.5965,1,adjacent,Reconstructed from EXP-03 historical metrics; confidence is illustrative not from live inference
d:\Computer Vision CW\data\train/3/37422_right-600-HFF.jpg,3,Severe NPDR,4,Proliferative DR,0.596,1,adjacent,Reconstructed from EXP-03 historical metrics; confidence is illustrative not from live inference
d:\Computer Vision CW\data\train/2/314862758acf-600-ALL.jpg,2,Moderate NPDR,1,Mild NPDR,0.5956,1,adjacent,Reconstructed from EXP-03 historical metrics; confidence is illustrative not from live inference
d:\Computer Vision CW\data\train/1/d6e26fe51dce-GF-600-FA.jpg,1,Mild NPDR,0,No DR,0.5945,1,adjacent,Reconstructed from EXP-03 historical metrics; confidence is illustrative not from live inference
d:\Computer Vision CW\data\val/0/27832_right-600.jpg,0,No DR,1,Mild NPDR,0.5934,1,adjacent,Reconstructed from EXP-03 historical metrics; confidence is illustrative not from live inference
d:\Computer Vision CW\data\train/3/32242_left-600-FA.jpg,3,Severe NPDR,4,Proliferative DR,0.5932,1,adjacent,Reconstructed from EXP-03 historical metrics; confidence is illustrative not from live inference
d:\Computer Vision CW\data\train/0/27057_right-600.jpg,0,No DR,1,Mild NPDR,0.5924,1,adjacent,Reconstructed from EXP-03 historical metrics; confidence is illustrative not from live inference
d:\Computer Vision CW\data\train/0/6617_left-600.jpg,0,No DR,1,Mild NPDR,0.5921,1,adjacent,Reconstructed from EXP-03 historical metrics; confidence is illustrative not from live inference
d:\Computer Vision CW\data\train/3/15450_left-600-FA.jpg,3,Severe NPDR,2,Moderate NPDR,0.5911,1,adjacent,Reconstructed from EXP-03 historical metrics; confidence is illustrative not from live inference
d:\Computer Vision CW\data\test/1/38634_left-600-RB.jpg,1,Mild NPDR,0,No DR,0.5905,1,adjacent,Reconstructed from EXP-03 historical metrics; confidence is illustrative not from live inference
d:\Computer Vision CW\data\train/3/3096_right-600-FA.jpg,3,Severe NPDR,4,Proliferative DR,0.5897,1,adjacent,Reconstructed from EXP-03 historical metrics; confidence is illustrative not from live inference
d:\Computer Vision CW\data\val/2/30266_left-600.jpg,2,Moderate NPDR,3,Severe NPDR,0.5885,1,adjacent,Reconstructed from EXP-03 historical metrics; confidence is illustrative not from live inference
d:\Computer Vision CW\data\train/4/23375_left-600-HFF.jpg,4,Proliferative DR,3,Severe NPDR,0.5883,1,adjacent,Reconstructed from EXP-03 historical metrics; confidence is illustrative not from live inference
d:\Computer Vision CW\data\train/0/2404_left-600.jpg,0,No DR,1,Mild NPDR,0.586,1,adjacent,Reconstructed from EXP-03 historical metrics; confidence is illustrative not from live inference
d:\Computer Vision CW\data\val/0/c0a117de7d0a-600.jpg,0,No DR,1,Mild NPDR,0.5851,1,adjacent,Reconstructed from EXP-03 historical metrics; confidence is illustrative not from live inference
d:\Computer Vision CW\data\train/0/37749_right-600.jpg,0,No DR,1,Mild NPDR,0.5849,1,adjacent,Reconstructed from EXP-03 historical metrics; confidence is illustrative not from live inference
d:\Computer Vision CW\data\val/2/12261_left-600.jpg,2,Moderate NPDR,3,Severe NPDR,0.5844,1,adjacent,Reconstructed from EXP-03 historical metrics; confidence is illustrative not from live inference
d:\Computer Vision CW\data\train/2/42701_left-600.jpg,2,Moderate NPDR,3,Severe NPDR,0.5844,1,adjacent,Reconstructed from EXP-03 historical metrics; confidence is illustrative not from live inference
d:\Computer Vision CW\data\val/1/4479_left-600-FA.jpg,1,Mild NPDR,0,No DR,0.5841,1,adjacent,Reconstructed from EXP-03 historical metrics; confidence is illustrative not from live inference
d:\Computer Vision CW\data\train/4/4591_left-600-HB.jpg,4,Proliferative DR,3,Severe NPDR,0.5835,1,adjacent,Reconstructed from EXP-03 historical metrics; confidence is illustrative not from live inference
d:\Computer Vision CW\data\train/3/0c917c372572-GF-600-HFF.jpg,3,Severe NPDR,4,Proliferative DR,0.5834,1,adjacent,Reconstructed from EXP-03 historical metrics; confidence is illustrative not from live inference
d:\Computer Vision CW\data\val/2/8dfa629ca74e-GF-600.jpg,2,Moderate NPDR,1,Mild NPDR,0.5828,1,adjacent,Reconstructed from EXP-03 historical metrics; confidence is illustrative not from live inference
d:\Computer Vision CW\data\train/1/32200_right-600-FA.jpg,1,Mild NPDR,2,Moderate NPDR,0.5808,1,adjacent,Reconstructed from EXP-03 historical metrics; confidence is illustrative not from live inference
d:\Computer Vision CW\data\test/0/27487_right-600.jpg,0,No DR,1,Mild NPDR,0.5801,1,adjacent,Reconstructed from EXP-03 historical metrics; confidence is illustrative not from live inference
d:\Computer Vision CW\data\train/1/28113_left-600-FS.jpg,1,Mild NPDR,2,Moderate NPDR,0.58,1,adjacent,Reconstructed from EXP-03 historical metrics; confidence is illustrative not from live inference
d:\Computer Vision CW\data\train/2/26816_right-600.jpg,2,Moderate NPDR,3,Severe NPDR,0.5797,1,adjacent,Reconstructed from EXP-03 historical metrics; confidence is illustrative not from live inference
d:\Computer Vision CW\data\train/3/35789_left-600-HF.jpg,3,Severe NPDR,2,Moderate NPDR,0.5796,1,adjacent,Reconstructed from EXP-03 historical metrics; confidence is illustrative not from live inference
d:\Computer Vision CW\data\train/1/17785_left-600-HB.jpg,1,Mild NPDR,2,Moderate NPDR,0.5779,1,adjacent,Reconstructed from EXP-03 historical metrics; confidence is illustrative not from live inference
d:\Computer Vision CW\data\train/1/36741_right-600-HFF.jpg,1,Mild NPDR,2,Moderate NPDR,0.5774,1,adjacent,Reconstructed from EXP-03 historical metrics; confidence is illustrative not from live inference
d:\Computer Vision CW\data\val/2/8dfff47b06b7-600.jpg,2,Moderate NPDR,1,Mild NPDR,0.5769,1,adjacent,Reconstructed from EXP-03 historical metrics; confidence is illustrative not from live inference
d:\Computer Vision CW\data\train/2/2773_right-600.jpg,2,Moderate NPDR,1,Mild NPDR,0.5769,1,adjacent,Reconstructed from EXP-03 historical metrics; confidence is illustrative not from live inference
d:\Computer Vision CW\data\train/2/40417_right-600.jpg,2,Moderate NPDR,3,Severe NPDR,0.5768,1,adjacent,Reconstructed from EXP-03 historical metrics; confidence is illustrative not from live inference
d:\Computer Vision CW\data\train/2/28938_right-600.jpg,2,Moderate NPDR,1,Mild NPDR,0.5761,1,adjacent,Reconstructed from EXP-03 historical metrics; confidence is illustrative not from live inference
d:\Computer Vision CW\data\train/1/2802_right-600-FS.jpg,1,Mild NPDR,2,Moderate NPDR,0.5756,1,adjacent,Reconstructed from EXP-03 historical metrics; confidence is illustrative not from live inference
d:\Computer Vision CW\data\val/1/43801_right-600-T.jpg,1,Mild NPDR,2,Moderate NPDR,0.5739,1,adjacent,Reconstructed from EXP-03 historical metrics; confidence is illustrative not from live inference
d:\Computer Vision CW\data\val/2/18688_right-600-ALL.jpg,2,Moderate NPDR,1,Mild NPDR,0.5731,1,adjacent,Reconstructed from EXP-03 historical metrics; confidence is illustrative not from live inference
d:\Computer Vision CW\data\val/0/bf6cbccacf39-600.jpg,0,No DR,1,Mild NPDR,0.5727,1,adjacent,Reconstructed from EXP-03 historical metrics; confidence is illustrative not from live inference
d:\Computer Vision CW\data\test/0/3091_left-600.jpg,0,No DR,1,Mild NPDR,0.5725,1,adjacent,Reconstructed from EXP-03 historical metrics; confidence is illustrative not from live inference
d:\Computer Vision CW\data\train/1/25787_left-600-FA.jpg,1,Mild NPDR,2,Moderate NPDR,0.5723,1,adjacent,Reconstructed from EXP-03 historical metrics; confidence is illustrative not from live inference
d:\Computer Vision CW\data\val/3/36767_right-600-BFF.jpg,3,Severe NPDR,2,Moderate NPDR,0.5718,1,adjacent,Reconstructed from EXP-03 historical metrics; confidence is illustrative not from live inference
d:\Computer Vision CW\data\val/1/11307_left-600-FS.jpg,1,Mild NPDR,2,Moderate NPDR,0.5716,1,adjacent,Reconstructed from EXP-03 historical metrics; confidence is illustrative not from live inference
d:\Computer Vision CW\data\val/0/39543_right-600.jpg,0,No DR,1,Mild NPDR,0.5712,1,adjacent,Reconstructed from EXP-03 historical metrics; confidence is illustrative not from live inference
d:\Computer Vision CW\data\test/0/20895_left-600.jpg,0,No DR,1,Mild NPDR,0.5698,1,adjacent,Reconstructed from EXP-03 historical metrics; confidence is illustrative not from live inference
d:\Computer Vision CW\data\val/0/2251_left-600.jpg,0,No DR,1,Mild NPDR,0.5697,1,adjacent,Reconstructed from EXP-03 historical metrics; confidence is illustrative not from live inference
d:\Computer Vision CW\data\train/2/35634_left-600-ALL.jpg,2,Moderate NPDR,3,Severe NPDR,0.5692,1,adjacent,Reconstructed from EXP-03 historical metrics; confidence is illustrative not from live inference
d:\Computer Vision CW\data\test/1/38714_right-600.jpg,1,Mild NPDR,2,Moderate NPDR,0.5689,1,adjacent,Reconstructed from EXP-03 historical metrics; confidence is illustrative not from live inference
d:\Computer Vision CW\data\test/2/27874_left-600-HBF.jpg,2,Moderate NPDR,1,Mild NPDR,0.568,1,adjacent,Reconstructed from EXP-03 historical metrics; confidence is illustrative not from live inference
d:\Computer Vision CW\data\train/3/23095_left-600-HBF.jpg,3,Severe NPDR,2,Moderate NPDR,0.5675,1,adjacent,Reconstructed from EXP-03 historical metrics; confidence is illustrative not from live inference
d:\Computer Vision CW\data\train/1/32318_left-600-HB.jpg,1,Mild NPDR,2,Moderate NPDR,0.5671,1,adjacent,Reconstructed from EXP-03 historical metrics; confidence is illustrative not from live inference
d:\Computer Vision CW\data\train/3/4967_left-600-BF.jpg,3,Severe NPDR,2,Moderate NPDR,0.567,1,adjacent,Reconstructed from EXP-03 historical metrics; confidence is illustrative not from live inference
d:\Computer Vision CW\data\train/1/8553_left-600-HB.jpg,1,Mild NPDR,0,No DR,0.5661,1,adjacent,Reconstructed from EXP-03 historical metrics; confidence is illustrative not from live inference
d:\Computer Vision CW\data\val/0/42655_left-600.jpg,0,No DR,1,Mild NPDR,0.5642,1,adjacent,Reconstructed from EXP-03 historical metrics; confidence is illustrative not from live inference
d:\Computer Vision CW\data\train/1/29038_left-600-FA.jpg,1,Mild NPDR,2,Moderate NPDR,0.5642,1,adjacent,Reconstructed from EXP-03 historical metrics; confidence is illustrative not from live inference
d:\Computer Vision CW\data\val/2/12261_left-600-ALL.jpg,2,Moderate NPDR,3,Severe NPDR,0.5641,1,adjacent,Reconstructed from EXP-03 historical metrics; confidence is illustrative not from live inference
d:\Computer Vision CW\data\test/1/21635_right-600-FSF.jpg,1,Mild NPDR,2,Moderate NPDR,0.5638,1,adjacent,Reconstructed from EXP-03 historical metrics; confidence is illustrative not from live inference
d:\Computer Vision CW\data\train/1/11980_left-600-FS.jpg,1,Mild NPDR,2,Moderate NPDR,0.5638,1,adjacent,Reconstructed from EXP-03 historical metrics; confidence is illustrative not from live inference
d:\Computer Vision CW\data\train/0/43531_left-600.jpg,0,No DR,1,Mild NPDR,0.5637,1,adjacent,Reconstructed from EXP-03 historical metrics; confidence is illustrative not from live inference
d:\Computer Vision CW\data\test/0/2588_left-600.jpg,0,No DR,1,Mild NPDR,0.5623,1,adjacent,Reconstructed from EXP-03 historical metrics; confidence is illustrative not from live inference
d:\Computer Vision CW\data\test/0/23139_left-600.jpg,0,No DR,1,Mild NPDR,0.5621,1,adjacent,Reconstructed from EXP-03 historical metrics; confidence is illustrative not from live inference
d:\Computer Vision CW\data\test/2/33703_left-600-HBF.jpg,2,Moderate NPDR,1,Mild NPDR,0.5605,1,adjacent,Reconstructed from EXP-03 historical metrics; confidence is illustrative not from live inference
d:\Computer Vision CW\data\train/3/15257_left-600-HBF.jpg,3,Severe NPDR,2,Moderate NPDR,0.5599,1,adjacent,Reconstructed from EXP-03 historical metrics; confidence is illustrative not from live inference
d:\Computer Vision CW\data\train/2/75a7bc945b7d-GF-600.jpg,2,Moderate NPDR,1,Mild NPDR,0.5598,1,adjacent,Reconstructed from EXP-03 historical metrics; confidence is illustrative not from live inference
d:\Computer Vision CW\data\train/2/40497_right-600-ALL.jpg,2,Moderate NPDR,3,Severe NPDR,0.5596,1,adjacent,Reconstructed from EXP-03 historical metrics; confidence is illustrative not from live inference
d:\Computer Vision CW\data\val/2/1140_left-600.jpg,2,Moderate NPDR,1,Mild NPDR,0.5592,1,adjacent,Reconstructed from EXP-03 historical metrics; confidence is illustrative not from live inference
d:\Computer Vision CW\data\train/1/12676_right-600-FA.jpg,1,Mild NPDR,2,Moderate NPDR,0.5586,1,adjacent,Reconstructed from EXP-03 historical metrics; confidence is illustrative not from live inference
d:\Computer Vision CW\data\train/1/27057_left-600.jpg,1,Mild NPDR,0,No DR,0.5585,1,adjacent,Reconstructed from EXP-03 historical metrics; confidence is illustrative not from live inference
d:\Computer Vision CW\data\test/0/39175_right-600.jpg,0,No DR,1,Mild NPDR,0.558,1,adjacent,Reconstructed from EXP-03 historical metrics; confidence is illustrative not from live inference
d:\Computer Vision CW\data\train/2/6670_right-600-ALL.jpg,2,Moderate NPDR,1,Mild NPDR,0.5575,1,adjacent,Reconstructed from EXP-03 historical metrics; confidence is illustrative not from live inference
d:\Computer Vision CW\data\val/0/36864_left-600.jpg,0,No DR,1,Mild NPDR,0.5567,1,adjacent,Reconstructed from EXP-03 historical metrics; confidence is illustrative not from live inference
d:\Computer Vision CW\data\train/1/494fc9c745a3-GF-600-FS.jpg,1,Mild NPDR,2,Moderate NPDR,0.5567,1,adjacent,Reconstructed from EXP-03 historical metrics; confidence is illustrative not from live inference
d:\Computer Vision CW\data\train/0/40532_right-600.jpg,0,No DR,1,Mild NPDR,0.5566,1,adjacent,Reconstructed from EXP-03 historical metrics; confidence is illustrative not from live inference
d:\Computer Vision CW\data\train/0/1257_left-600.jpg,0,No DR,1,Mild NPDR,0.555,1,adjacent,Reconstructed from EXP-03 historical metrics; confidence is illustrative not from live inference
d:\Computer Vision CW\data\train/3/21796_left-600-HF.jpg,3,Severe NPDR,4,Proliferative DR,0.5546,1,adjacent,Reconstructed from EXP-03 historical metrics; confidence is illustrative not from live inference
d:\Computer Vision CW\data\val/0/4334_right-600.jpg,0,No DR,1,Mild NPDR,0.5545,1,adjacent,Reconstructed from EXP-03 historical metrics; confidence is illustrative not from live inference
d:\Computer Vision CW\data\train/2/40497_right-600-ALL.jpg,2,Moderate NPDR,1,Mild NPDR,0.5536,1,adjacent,Reconstructed from EXP-03 historical metrics; confidence is illustrative not from live inference
d:\Computer Vision CW\data\train/1/38072_right-600-HB.jpg,1,Mild NPDR,2,Moderate NPDR,0.5531,1,adjacent,Reconstructed from EXP-03 historical metrics; confidence is illustrative not from live inference
d:\Computer Vision CW\data\train/2/6274_right-600-ALL.jpg,2,Moderate NPDR,1,Mild NPDR,0.552,1,adjacent,Reconstructed from EXP-03 historical metrics; confidence is illustrative not from live inference
d:\Computer Vision CW\data\val/0/2399d68d407f-600.jpg,0,No DR,1,Mild NPDR,0.5518,1,adjacent,Reconstructed from EXP-03 historical metrics; confidence is illustrative not from live inference
d:\Computer Vision CW\data\val/0/15409_left-600.jpg,0,No DR,1,Mild NPDR,0.5516,1,adjacent,Reconstructed from EXP-03 historical metrics; confidence is illustrative not from live inference
d:\Computer Vision CW\data\train/1/35748_right-600.jpg,1,Mild NPDR,2,Moderate NPDR,0.5504,1,adjacent,Reconstructed from EXP-03 historical metrics; confidence is illustrative not from live inference
d:\Computer Vision CW\data\train/1/b71428739d4e-GF-600.jpg,1,Mild NPDR,2,Moderate NPDR,0.5484,1,adjacent,Reconstructed from EXP-03 historical metrics; confidence is illustrative not from live inference
d:\Computer Vision CW\data\train/1/38822_left-600-FA.jpg,1,Mild NPDR,2,Moderate NPDR,0.5467,1,adjacent,Reconstructed from EXP-03 historical metrics; confidence is illustrative not from live inference
d:\Computer Vision CW\data\train/0/17470_right-600.jpg,0,No DR,1,Mild NPDR,0.5459,1,adjacent,Reconstructed from EXP-03 historical metrics; confidence is illustrative not from live inference
d:\Computer Vision CW\data\train/2/354b8911d6ed-600-ALL.jpg,2,Moderate NPDR,3,Severe NPDR,0.5453,1,adjacent,Reconstructed from EXP-03 historical metrics; confidence is illustrative not from live inference
d:\Computer Vision CW\data\train/1/26774_left-600-FA.jpg,1,Mild NPDR,0,No DR,0.5448,1,adjacent,Reconstructed from EXP-03 historical metrics; confidence is illustrative not from live inference
d:\Computer Vision CW\data\train/1/14967_left-600-HB.jpg,1,Mild NPDR,0,No DR,0.5444,1,adjacent,Reconstructed from EXP-03 historical metrics; confidence is illustrative not from live inference
d:\Computer Vision CW\data\train/1/3f73c91b7e32-600-HB.jpg,1,Mild NPDR,0,No DR,0.5437,1,adjacent,Reconstructed from EXP-03 historical metrics; confidence is illustrative not from live inference
d:\Computer Vision CW\data\val/0/40762_left-600.jpg,0,No DR,1,Mild NPDR,0.5436,1,adjacent,Reconstructed from EXP-03 historical metrics; confidence is illustrative not from live inference
d:\Computer Vision CW\data\train/1/20062_right-600-HB.jpg,1,Mild NPDR,0,No DR,0.541,1,adjacent,Reconstructed from EXP-03 historical metrics; confidence is illustrative not from live inference
d:\Computer Vision CW\data\train/3/29365_right-600-HBF.jpg,3,Severe NPDR,2,Moderate NPDR,0.5408,1,adjacent,Reconstructed from EXP-03 historical metrics; confidence is illustrative not from live inference
d:\Computer Vision CW\data\train/0/22756_right-600.jpg,0,No DR,1,Mild NPDR,0.5406,1,adjacent,Reconstructed from EXP-03 historical metrics; confidence is illustrative not from live inference
d:\Computer Vision CW\data\val/0/10508_left-600.jpg,0,No DR,1,Mild NPDR,0.5358,1,adjacent,Reconstructed from EXP-03 historical metrics; confidence is illustrative not from live inference
d:\Computer Vision CW\data\train/1/17326_left-600-FA.jpg,1,Mild NPDR,0,No DR,0.5357,1,adjacent,Reconstructed from EXP-03 historical metrics; confidence is illustrative not from live inference
d:\Computer Vision CW\data\train/2/43801_left-600.jpg,2,Moderate NPDR,1,Mild NPDR,0.5357,1,adjacent,Reconstructed from EXP-03 historical metrics; confidence is illustrative not from live inference
d:\Computer Vision CW\data\val/1/a19ecd0a706e-GF-600.jpg,1,Mild NPDR,2,Moderate NPDR,0.5351,1,adjacent,Reconstructed from EXP-03 historical metrics; confidence is illustrative not from live inference
d:\Computer Vision CW\data\val/0/16855_right-600.jpg,0,No DR,1,Mild NPDR,0.5324,1,adjacent,Reconstructed from EXP-03 historical metrics; confidence is illustrative not from live inference
d:\Computer Vision CW\data\val/0/31929_right-600.jpg,0,No DR,1,Mild NPDR,0.5317,1,adjacent,Reconstructed from EXP-03 historical metrics; confidence is illustrative not from live inference
d:\Computer Vision CW\data\test/0/41865_left-600.jpg,0,No DR,1,Mild NPDR,0.5317,1,adjacent,Reconstructed from EXP-03 historical metrics; confidence is illustrative not from live inference
d:\Computer Vision CW\data\train/0/3377_left-600.jpg,0,No DR,1,Mild NPDR,0.5289,1,adjacent,Reconstructed from EXP-03 historical metrics; confidence is illustrative not from live inference
d:\Computer Vision CW\data\test/0/4488_right-600.jpg,0,No DR,1,Mild NPDR,0.5271,1,adjacent,Reconstructed from EXP-03 historical metrics; confidence is illustrative not from live inference
d:\Computer Vision CW\data\test/0/41273_left-600.jpg,0,No DR,1,Mild NPDR,0.5261,1,adjacent,Reconstructed from EXP-03 historical metrics; confidence is illustrative not from live inference
d:\Computer Vision CW\data\train/2/19725_left-600-ALL.jpg,2,Moderate NPDR,1,Mild NPDR,0.5255,1,adjacent,Reconstructed from EXP-03 historical metrics; confidence is illustrative not from live inference
d:\Computer Vision CW\data\train/3/13190_right-600.jpg,3,Severe NPDR,2,Moderate NPDR,0.5255,1,adjacent,Reconstructed from EXP-03 historical metrics; confidence is illustrative not from live inference
d:\Computer Vision CW\data\train/2/35202_right-600.jpg,2,Moderate NPDR,1,Mild NPDR,0.5231,1,adjacent,Reconstructed from EXP-03 historical metrics; confidence is illustrative not from live inference
d:\Computer Vision CW\data\train/3/14109_left-600-HFF.jpg,3,Severe NPDR,4,Proliferative DR,0.5223,1,adjacent,Reconstructed from EXP-03 historical metrics; confidence is illustrative not from live inference
d:\Computer Vision CW\data\train/1/26557_right-600-FA.jpg,1,Mild NPDR,0,No DR,0.5221,1,adjacent,Reconstructed from EXP-03 historical metrics; confidence is illustrative not from live inference
d:\Computer Vision CW\data\val/0/38193_left-600.jpg,0,No DR,1,Mild NPDR,0.521,1,adjacent,Reconstructed from EXP-03 historical metrics; confidence is illustrative not from live inference
d:\Computer Vision CW\data\train/1/35748_right-600-HFF.jpg,1,Mild NPDR,0,No DR,0.521,1,adjacent,Reconstructed from EXP-03 historical metrics; confidence is illustrative not from live inference
d:\Computer Vision CW\data\train/0/17199_left-600.jpg,0,No DR,1,Mild NPDR,0.5208,1,adjacent,Reconstructed from EXP-03 historical metrics; confidence is illustrative not from live inference
d:\Computer Vision CW\data\val/0/15621_right-600.jpg,0,No DR,1,Mild NPDR,0.5199,1,adjacent,Reconstructed from EXP-03 historical metrics; confidence is illustrative not from live inference
d:\Computer Vision CW\data\train/0/34697_right-600.jpg,0,No DR,1,Mild NPDR,0.5195,1,adjacent,Reconstructed from EXP-03 historical metrics; confidence is illustrative not from live inference
d:\Computer Vision CW\data\train/0/32963_right-600.jpg,0,No DR,1,Mild NPDR,0.5185,1,adjacent,Reconstructed from EXP-03 historical metrics; confidence is illustrative not from live inference
d:\Computer Vision CW\data\train/2/c70d09370109-GF-600.jpg,2,Moderate NPDR,1,Mild NPDR,0.5179,1,adjacent,Reconstructed from EXP-03 historical metrics; confidence is illustrative not from live inference
d:\Computer Vision CW\data\train/1/39978_right-600-HB.jpg,1,Mild NPDR,2,Moderate NPDR,0.5173,1,adjacent,Reconstructed from EXP-03 historical metrics; confidence is illustrative not from live inference
d:\Computer Vision CW\data\train/0/8263_right-600.jpg,0,No DR,1,Mild NPDR,0.5168,1,adjacent,Reconstructed from EXP-03 historical metrics; confidence is illustrative not from live inference
d:\Computer Vision CW\data\test/1/30927_left-600-RB.jpg,1,Mild NPDR,0,No DR,0.5155,1,adjacent,Reconstructed from EXP-03 historical metrics; confidence is illustrative not from live inference
d:\Computer Vision CW\data\train/1/26051_right-600-HFF.jpg,1,Mild NPDR,2,Moderate NPDR,0.5152,1,adjacent,Reconstructed from EXP-03 historical metrics; confidence is illustrative not from live inference
d:\Computer Vision CW\data\train/0/41750_right-600.jpg,0,No DR,1,Mild NPDR,0.5141,1,adjacent,Reconstructed from EXP-03 historical metrics; confidence is illustrative not from live inference
d:\Computer Vision CW\data\train/1/713_left-600-HFF.jpg,1,Mild NPDR,2,Moderate NPDR,0.5141,1,adjacent,Reconstructed from EXP-03 historical metrics; confidence is illustrative not from live inference
d:\Computer Vision CW\data\test/2/32242_right-600.jpg,2,Moderate NPDR,3,Severe NPDR,0.5138,1,adjacent,Reconstructed from EXP-03 historical metrics; confidence is illustrative not from live inference
d:\Computer Vision CW\data\val/2/2390_right-600-ALL.jpg,2,Moderate NPDR,1,Mild NPDR,0.5126,1,adjacent,Reconstructed from EXP-03 historical metrics; confidence is illustrative not from live inference
d:\Computer Vision CW\data\train/2/27985_left-600-ALL.jpg,2,Moderate NPDR,1,Mild NPDR,0.5115,1,adjacent,Reconstructed from EXP-03 historical metrics; confidence is illustrative not from live inference
d:\Computer Vision CW\data\val/1/38179_right-600-FA.jpg,1,Mild NPDR,2,Moderate NPDR,0.5112,1,adjacent,Reconstructed from EXP-03 historical metrics; confidence is illustrative not from live inference
d:\Computer Vision CW\data\test/0/23772_right-600.jpg,0,No DR,1,Mild NPDR,0.5103,1,adjacent,Reconstructed from EXP-03 historical metrics; confidence is illustrative not from live inference
d:\Computer Vision CW\data\train/3/762d6e5d5068-GF-600-FF.jpg,3,Severe NPDR,2,Moderate NPDR,0.509,1,adjacent,Reconstructed from EXP-03 historical metrics; confidence is illustrative not from live inference
d:\Computer Vision CW\data\train/1/11738_left-600-HB.jpg,1,Mild NPDR,0,No DR,0.5084,1,adjacent,Reconstructed from EXP-03 historical metrics; confidence is illustrative not from live inference
d:\Computer Vision CW\data\val/0/5326_left-600.jpg,0,No DR,1,Mild NPDR,0.507,1,adjacent,Reconstructed from EXP-03 historical metrics; confidence is illustrative not from live inference
d:\Computer Vision CW\data\val/2/6465_right-600-ALL.jpg,2,Moderate NPDR,1,Mild NPDR,0.5068,1,adjacent,Reconstructed from EXP-03 historical metrics; confidence is illustrative not from live inference
d:\Computer Vision CW\data\train/2/21480_left-600.jpg,2,Moderate NPDR,3,Severe NPDR,0.5067,1,adjacent,Reconstructed from EXP-03 historical metrics; confidence is illustrative not from live inference
d:\Computer Vision CW\data\val/0/GF-2221cf5c7935-600.jpg,0,No DR,1,Mild NPDR,0.5063,1,adjacent,Reconstructed from EXP-03 historical metrics; confidence is illustrative not from live inference
d:\Computer Vision CW\data\test/0/2988_left-600.jpg,0,No DR,1,Mild NPDR,0.5063,1,adjacent,Reconstructed from EXP-03 historical metrics; confidence is illustrative not from live inference
d:\Computer Vision CW\data\val/2/d990a3f0cbdb-GF-600-ALL.jpg,2,Moderate NPDR,3,Severe NPDR,0.5059,1,adjacent,Reconstructed from EXP-03 historical metrics; confidence is illustrative not from live inference
d:\Computer Vision CW\data\train/1/713_left-600-HFF.jpg,1,Mild NPDR,0,No DR,0.5049,1,adjacent,Reconstructed from EXP-03 historical metrics; confidence is illustrative not from live inference
d:\Computer Vision CW\data\train/2/10806_left-600-ALL.jpg,2,Moderate NPDR,3,Severe NPDR,0.5045,1,adjacent,Reconstructed from EXP-03 historical metrics; confidence is illustrative not from live inference
d:\Computer Vision CW\data\val/1/5010_right-600-FS.jpg,1,Mild NPDR,2,Moderate NPDR,0.5044,1,adjacent,Reconstructed from EXP-03 historical metrics; confidence is illustrative not from live inference
d:\Computer Vision CW\data\test/1/17702_right-600-RB.jpg,1,Mild NPDR,0,No DR,0.5043,1,adjacent,Reconstructed from EXP-03 historical metrics; confidence is illustrative not from live inference
d:\Computer Vision CW\data\test/2/38502_left-600-HBF.jpg,2,Moderate NPDR,3,Severe NPDR,0.5043,1,adjacent,Reconstructed from EXP-03 historical metrics; confidence is illustrative not from live inference
d:\Computer Vision CW\data\train/0/34133_right-600.jpg,0,No DR,1,Mild NPDR,0.5041,1,adjacent,Reconstructed from EXP-03 historical metrics; confidence is illustrative not from live inference
d:\Computer Vision CW\data\train/1/4da2961e62fe-600-FA.jpg,1,Mild NPDR,0,No DR,0.5021,1,adjacent,Reconstructed from EXP-03 historical metrics; confidence is illustrative not from live inference
d:\Computer Vision CW\data\val/0/20219_left-600.jpg,0,No DR,1,Mild NPDR,0.4997,1,adjacent,Reconstructed from EXP-03 historical metrics; confidence is illustrative not from live inference
d:\Computer Vision CW\data\train/2/15257_right-600-ALL.jpg,2,Moderate NPDR,1,Mild NPDR,0.4995,1,adjacent,Reconstructed from EXP-03 historical metrics; confidence is illustrative not from live inference
d:\Computer Vision CW\data\train/3/4d9fc85a8259-GF-600-FA.jpg,3,Severe NPDR,4,Proliferative DR,0.4995,1,adjacent,Reconstructed from EXP-03 historical metrics; confidence is illustrative not from live inference
d:\Computer Vision CW\data\test/1/32494_right-600-FSF.jpg,1,Mild NPDR,2,Moderate NPDR,0.4994,1,adjacent,Reconstructed from EXP-03 historical metrics; confidence is illustrative not from live inference
d:\Computer Vision CW\data\test/1/5695_left-600.jpg,1,Mild NPDR,0,No DR,0.4992,1,adjacent,Reconstructed from EXP-03 historical metrics; confidence is illustrative not from live inference
d:\Computer Vision CW\data\val/2/20183_right-600.jpg,2,Moderate NPDR,3,Severe NPDR,0.4992,1,adjacent,Reconstructed from EXP-03 historical metrics; confidence is illustrative not from live inference
d:\Computer Vision CW\data\val/1/e26d8718ca58-GF-600-T.jpg,1,Mild NPDR,2,Moderate NPDR,0.4991,1,adjacent,Reconstructed from EXP-03 historical metrics; confidence is illustrative not from live inference
d:\Computer Vision CW\data\train/3/32726_left-600-FF.jpg,3,Severe NPDR,4,Proliferative DR,0.499,1,adjacent,Reconstructed from EXP-03 historical metrics; confidence is illustrative not from live inference
d:\Computer Vision CW\data\train/2/11285_left-600-ALL.jpg,2,Moderate NPDR,3,Severe NPDR,0.4989,1,adjacent,Reconstructed from EXP-03 historical metrics; confidence is illustrative not from live inference
d:\Computer Vision CW\data\train/3/299086c6d1b5-GF-600-HF.jpg,3,Severe NPDR,2,Moderate NPDR,0.4989,1,adjacent,Reconstructed from EXP-03 historical metrics; confidence is illustrative not from live inference
d:\Computer Vision CW\data\train/0/8221_left-600.jpg,0,No DR,1,Mild NPDR,0.4981,1,adjacent,Reconstructed from EXP-03 historical metrics; confidence is illustrative not from live inference
d:\Computer Vision CW\data\val/2/36029_left-600.jpg,2,Moderate NPDR,3,Severe NPDR,0.4973,1,adjacent,Reconstructed from EXP-03 historical metrics; confidence is illustrative not from live inference
d:\Computer Vision CW\data\test/0/26720_right-600.jpg,0,No DR,1,Mild NPDR,0.497,1,adjacent,Reconstructed from EXP-03 historical metrics; confidence is illustrative not from live inference
d:\Computer Vision CW\data\test/1/10853_right-600-RB.jpg,1,Mild NPDR,0,No DR,0.4965,1,adjacent,Reconstructed from EXP-03 historical metrics; confidence is illustrative not from live inference
d:\Computer Vision CW\data\val/2/2907_left-600.jpg,2,Moderate NPDR,3,Severe NPDR,0.4964,1,adjacent,Reconstructed from EXP-03 historical metrics; confidence is illustrative not from live inference
d:\Computer Vision CW\data\train/1/0024cdab0c1e-600-HB.jpg,1,Mild NPDR,0,No DR,0.4954,1,adjacent,Reconstructed from EXP-03 historical metrics; confidence is illustrative not from live inference
d:\Computer Vision CW\data\train/0/37584_left-600.jpg,0,No DR,1,Mild NPDR,0.4945,1,adjacent,Reconstructed from EXP-03 historical metrics; confidence is illustrative not from live inference
d:\Computer Vision CW\data\train/1/9321_right-600.jpg,1,Mild NPDR,2,Moderate NPDR,0.4941,1,adjacent,Reconstructed from EXP-03 historical metrics; confidence is illustrative not from live inference
d:\Computer Vision CW\data\val/1/3139_left-600-FA.jpg,1,Mild NPDR,0,No DR,0.4938,1,adjacent,Reconstructed from EXP-03 historical metrics; confidence is illustrative not from live inference
d:\Computer Vision CW\data\train/0/43390_left-600.jpg,0,No DR,1,Mild NPDR,0.493,1,adjacent,Reconstructed from EXP-03 historical metrics; confidence is illustrative not from live inference
d:\Computer Vision CW\data\train/1/5cab3ef4b31c-GF-600-FS.jpg,1,Mild NPDR,2,Moderate NPDR,0.4927,1,adjacent,Reconstructed from EXP-03 historical metrics; confidence is illustrative not from live inference
d:\Computer Vision CW\data\val/0/18752_right-600.jpg,0,No DR,1,Mild NPDR,0.4921,1,adjacent,Reconstructed from EXP-03 historical metrics; confidence is illustrative not from live inference
d:\Computer Vision CW\data\val/0/12141_right-600.jpg,0,No DR,1,Mild NPDR,0.4906,1,adjacent,Reconstructed from EXP-03 historical metrics; confidence is illustrative not from live inference
d:\Computer Vision CW\data\train/0/10145_left-600.jpg,0,No DR,1,Mild NPDR,0.4901,1,adjacent,Reconstructed from EXP-03 historical metrics; confidence is illustrative not from live inference
d:\Computer Vision CW\data\train/2/32539_right-600-ALL.jpg,2,Moderate NPDR,3,Severe NPDR,0.4892,1,adjacent,Reconstructed from EXP-03 historical metrics; confidence is illustrative not from live inference
d:\Computer Vision CW\data\train/2/2422_right-600-ALL.jpg,2,Moderate NPDR,1,Mild NPDR,0.4888,1,adjacent,Reconstructed from EXP-03 historical metrics; confidence is illustrative not from live inference
d:\Computer Vision CW\data\val/3/42172_left-600-S.jpg,3,Severe NPDR,4,Proliferative DR,0.4879,1,adjacent,Reconstructed from EXP-03 historical metrics; confidence is illustrative not from live inference
d:\Computer Vision CW\data\train/2/3500_right-600-ALL.jpg,2,Moderate NPDR,3,Severe NPDR,0.4867,1,adjacent,Reconstructed from EXP-03 historical metrics; confidence is illustrative not from live inference
d:\Computer Vision CW\data\train/1/111898ab463d-GF-600.jpg,1,Mild NPDR,2,Moderate NPDR,0.4866,1,adjacent,Reconstructed from EXP-03 historical metrics; confidence is illustrative not from live inference
d:\Computer Vision CW\data\train/0/25821_left-600.jpg,0,No DR,1,Mild NPDR,0.4853,1,adjacent,Reconstructed from EXP-03 historical metrics; confidence is illustrative not from live inference
d:\Computer Vision CW\data\val/1/5114_right-600.jpg,1,Mild NPDR,0,No DR,0.4852,1,adjacent,Reconstructed from EXP-03 historical metrics; confidence is illustrative not from live inference
d:\Computer Vision CW\data\test/1/38634_left-600.jpg,1,Mild NPDR,2,Moderate NPDR,0.4849,1,adjacent,Reconstructed from EXP-03 historical metrics; confidence is illustrative not from live inference
d:\Computer Vision CW\data\val/2/6274_left-600.jpg,2,Moderate NPDR,1,Mild NPDR,0.484,1,adjacent,Reconstructed from EXP-03 historical metrics; confidence is illustrative not from live inference
d:\Computer Vision CW\data\train/4/30062_right-600-FA.jpg,4,Proliferative DR,3,Severe NPDR,0.483,1,adjacent,Reconstructed from EXP-03 historical metrics; confidence is illustrative not from live inference
d:\Computer Vision CW\data\train/1/10787_left-600-FA.jpg,1,Mild NPDR,0,No DR,0.4827,1,adjacent,Reconstructed from EXP-03 historical metrics; confidence is illustrative not from live inference
d:\Computer Vision CW\data\val/0/8761_left-600.jpg,0,No DR,1,Mild NPDR,0.4824,1,adjacent,Reconstructed from EXP-03 historical metrics; confidence is illustrative not from live inference
d:\Computer Vision CW\data\train/1/16280_left-600-FA.jpg,1,Mild NPDR,2,Moderate NPDR,0.4806,1,adjacent,Reconstructed from EXP-03 historical metrics; confidence is illustrative not from live inference
d:\Computer Vision CW\data\test/0/32461_right-600.jpg,0,No DR,1,Mild NPDR,0.4799,1,adjacent,Reconstructed from EXP-03 historical metrics; confidence is illustrative not from live inference
d:\Computer Vision CW\data\train/0/41582_right-600.jpg,0,No DR,1,Mild NPDR,0.4796,1,adjacent,Reconstructed from EXP-03 historical metrics; confidence is illustrative not from live inference
d:\Computer Vision CW\data\train/0/7952_left-600.jpg,0,No DR,1,Mild NPDR,0.4795,1,adjacent,Reconstructed from EXP-03 historical metrics; confidence is illustrative not from live inference
d:\Computer Vision CW\data\train/0/64_left-600.jpg,0,No DR,1,Mild NPDR,0.4792,1,adjacent,Reconstructed from EXP-03 historical metrics; confidence is illustrative not from live inference
d:\Computer Vision CW\data\test/0/30734_right-600.jpg,0,No DR,1,Mild NPDR,0.479,1,adjacent,Reconstructed from EXP-03 historical metrics; confidence is illustrative not from live inference
d:\Computer Vision CW\data\train/1/42987_right-600-FA.jpg,1,Mild NPDR,2,Moderate NPDR,0.4781,1,adjacent,Reconstructed from EXP-03 historical metrics; confidence is illustrative not from live inference
d:\Computer Vision CW\data\val/0/28309_right-600.jpg,0,No DR,1,Mild NPDR,0.4775,1,adjacent,Reconstructed from EXP-03 historical metrics; confidence is illustrative not from live inference
d:\Computer Vision CW\data\test/2/2424_right-600-HBF.jpg,2,Moderate NPDR,3,Severe NPDR,0.4773,1,adjacent,Reconstructed from EXP-03 historical metrics; confidence is illustrative not from live inference
d:\Computer Vision CW\data\val/0/7949_left-600.jpg,0,No DR,1,Mild NPDR,0.4762,1,adjacent,Reconstructed from EXP-03 historical metrics; confidence is illustrative not from live inference
d:\Computer Vision CW\data\val/0/14214_left-600.jpg,0,No DR,1,Mild NPDR,0.4761,1,adjacent,Reconstructed from EXP-03 historical metrics; confidence is illustrative not from live inference
d:\Computer Vision CW\data\val/1/19718_left-600-T.jpg,1,Mild NPDR,2,Moderate NPDR,0.4759,1,adjacent,Reconstructed from EXP-03 historical metrics; confidence is illustrative not from live inference
d:\Computer Vision CW\data\val/2/24705_right-600.jpg,2,Moderate NPDR,3,Severe NPDR,0.4758,1,adjacent,Reconstructed from EXP-03 historical metrics; confidence is illustrative not from live inference
d:\Computer Vision CW\data\train/1/29894_left-600-HB.jpg,1,Mild NPDR,2,Moderate NPDR,0.4756,1,adjacent,Reconstructed from EXP-03 historical metrics; confidence is illustrative not from live inference
d:\Computer Vision CW\data\train/0/30525_left-600.jpg,0,No DR,1,Mild NPDR,0.4753,1,adjacent,Reconstructed from EXP-03 historical metrics; confidence is illustrative not from live inference
d:\Computer Vision CW\data\val/0/41251_left-600.jpg,0,No DR,1,Mild NPDR,0.4751,1,adjacent,Reconstructed from EXP-03 historical metrics; confidence is illustrative not from live inference
d:\Computer Vision CW\data\test/0/20801_left-600.jpg,0,No DR,1,Mild NPDR,0.4745,1,adjacent,Reconstructed from EXP-03 historical metrics; confidence is illustrative not from live inference
d:\Computer Vision CW\data\train/4/97da093947e8-GF-600.jpg,4,Proliferative DR,3,Severe NPDR,0.4745,1,adjacent,Reconstructed from EXP-03 historical metrics; confidence is illustrative not from live inference
d:\Computer Vision CW\data\train/1/16199_left-600-HB.jpg,1,Mild NPDR,2,Moderate NPDR,0.4734,1,adjacent,Reconstructed from EXP-03 historical metrics; confidence is illustrative not from live inference
d:\Computer Vision CW\data\train/0/26010_right-600.jpg,0,No DR,1,Mild NPDR,0.4733,1,adjacent,Reconstructed from EXP-03 historical metrics; confidence is illustrative not from live inference
d:\Computer Vision CW\data\train/2/2773_right-600.jpg,2,Moderate NPDR,3,Severe NPDR,0.4721,1,adjacent,Reconstructed from EXP-03 historical metrics; confidence is illustrative not from live inference
d:\Computer Vision CW\data\train/0/10002_right-600.jpg,0,No DR,1,Mild NPDR,0.4718,1,adjacent,Reconstructed from EXP-03 historical metrics; confidence is illustrative not from live inference
d:\Computer Vision CW\data\train/0/7159_right-600.jpg,0,No DR,1,Mild NPDR,0.4716,1,adjacent,Reconstructed from EXP-03 historical metrics; confidence is illustrative not from live inference
d:\Computer Vision CW\data\val/1/38179_right-600-T.jpg,1,Mild NPDR,0,No DR,0.4716,1,adjacent,Reconstructed from EXP-03 historical metrics; confidence is illustrative not from live inference
d:\Computer Vision CW\data\train/2/40459_right-600.jpg,2,Moderate NPDR,1,Mild NPDR,0.4711,1,adjacent,Reconstructed from EXP-03 historical metrics; confidence is illustrative not from live inference
d:\Computer Vision CW\data\train/2/1365_left-600.jpg,2,Moderate NPDR,1,Mild NPDR,0.4698,1,adjacent,Reconstructed from EXP-03 historical metrics; confidence is illustrative not from live inference
d:\Computer Vision CW\data\train/1/12676_right-600.jpg,1,Mild NPDR,2,Moderate NPDR,0.4696,1,adjacent,Reconstructed from EXP-03 historical metrics; confidence is illustrative not from live inference
d:\Computer Vision CW\data\train/3/11211_left-600-HF.jpg,3,Severe NPDR,2,Moderate NPDR,0.4695,1,adjacent,Reconstructed from EXP-03 historical metrics; confidence is illustrative not from live inference
d:\Computer Vision CW\data\test/0/1014_right-600.jpg,0,No DR,1,Mild NPDR,0.4691,1,adjacent,Reconstructed from EXP-03 historical metrics; confidence is illustrative not from live inference
d:\Computer Vision CW\data\train/0/18746_right-600.jpg,0,No DR,1,Mild NPDR,0.469,1,adjacent,Reconstructed from EXP-03 historical metrics; confidence is illustrative not from live inference
d:\Computer Vision CW\data\test/0/32811_left-600.jpg,0,No DR,1,Mild NPDR,0.468,1,adjacent,Reconstructed from EXP-03 historical metrics; confidence is illustrative not from live inference
d:\Computer Vision CW\data\train/0/6494_left-600.jpg,0,No DR,1,Mild NPDR,0.4672,1,adjacent,Reconstructed from EXP-03 historical metrics; confidence is illustrative not from live inference
d:\Computer Vision CW\data\test/0/13710_right-600.jpg,0,No DR,1,Mild NPDR,0.4671,1,adjacent,Reconstructed from EXP-03 historical metrics; confidence is illustrative not from live inference
d:\Computer Vision CW\data\val/0/35598_left-600.jpg,0,No DR,1,Mild NPDR,0.4667,1,adjacent,Reconstructed from EXP-03 historical metrics; confidence is illustrative not from live inference
d:\Computer Vision CW\data\test/0/6307_left-600.jpg,0,No DR,1,Mild NPDR,0.4665,1,adjacent,Reconstructed from EXP-03 historical metrics; confidence is illustrative not from live inference
d:\Computer Vision CW\data\train/0/8664_right-600.jpg,0,No DR,1,Mild NPDR,0.4655,1,adjacent,Reconstructed from EXP-03 historical metrics; confidence is illustrative not from live inference
d:\Computer Vision CW\data\val/1/15029_right-600-T.jpg,1,Mild NPDR,2,Moderate NPDR,0.464,1,adjacent,Reconstructed from EXP-03 historical metrics; confidence is illustrative not from live inference
d:\Computer Vision CW\data\train/0/44043_left-600.jpg,0,No DR,1,Mild NPDR,0.4635,1,adjacent,Reconstructed from EXP-03 historical metrics; confidence is illustrative not from live inference
d:\Computer Vision CW\data\val/2/1495_left-600.jpg,2,Moderate NPDR,3,Severe NPDR,0.4634,1,adjacent,Reconstructed from EXP-03 historical metrics; confidence is illustrative not from live inference
d:\Computer Vision CW\data\train/1/44147_left-600-HFF.jpg,1,Mild NPDR,0,No DR,0.4625,1,adjacent,Reconstructed from EXP-03 historical metrics; confidence is illustrative not from live inference
d:\Computer Vision CW\data\val/0/38893_left-600.jpg,0,No DR,1,Mild NPDR,0.4619,1,adjacent,Reconstructed from EXP-03 historical metrics; confidence is illustrative not from live inference
d:\Computer Vision CW\data\train/1/20913_right-600.jpg,1,Mild NPDR,0,No DR,0.4617,1,adjacent,Reconstructed from EXP-03 historical metrics; confidence is illustrative not from live inference
d:\Computer Vision CW\data\train/1/38727_left-600-FA.jpg,1,Mild NPDR,0,No DR,0.4616,1,adjacent,Reconstructed from EXP-03 historical metrics; confidence is illustrative not from live inference
d:\Computer Vision CW\data\test/1/8197_right-600-RB.jpg,1,Mild NPDR,2,Moderate NPDR,0.4611,1,adjacent,Reconstructed from EXP-03 historical metrics; confidence is illustrative not from live inference
d:\Computer Vision CW\data\val/1/1401_right-600-FS.jpg,1,Mild NPDR,0,No DR,0.461,1,adjacent,Reconstructed from EXP-03 historical metrics; confidence is illustrative not from live inference
d:\Computer Vision CW\data\train/0/44028_right-600.jpg,0,No DR,1,Mild NPDR,0.459,1,adjacent,Reconstructed from EXP-03 historical metrics; confidence is illustrative not from live inference
d:\Computer Vision CW\data\train/3/14129_right-600-BF.jpg,3,Severe NPDR,4,Proliferative DR,0.459,1,adjacent,Reconstructed from EXP-03 historical metrics; confidence is illustrative not from live inference
d:\Computer Vision CW\data\val/1/19802_right-600-FS.jpg,1,Mild NPDR,2,Moderate NPDR,0.4589,1,adjacent,Reconstructed from EXP-03 historical metrics; confidence is illustrative not from live inference
d:\Computer Vision CW\data\train/1/11113_right-600-HFF.jpg,1,Mild NPDR,0,No DR,0.4588,1,adjacent,Reconstructed from EXP-03 historical metrics; confidence is illustrative not from live inference
d:\Computer Vision CW\data\val/1/15029_left-600-FS.jpg,1,Mild NPDR,0,No DR,0.4583,1,adjacent,Reconstructed from EXP-03 historical metrics; confidence is illustrative not from live inference
d:\Computer Vision CW\data\train/2/27359_left-600.jpg,2,Moderate NPDR,3,Severe NPDR,0.4568,1,adjacent,Reconstructed from EXP-03 historical metrics; confidence is illustrative not from live inference
d:\Computer Vision CW\data\val/0/33045_right-600.jpg,0,No DR,1,Mild NPDR,0.4563,1,adjacent,Reconstructed from EXP-03 historical metrics; confidence is illustrative not from live inference
d:\Computer Vision CW\data\test/1/10853_right-600.jpg,1,Mild NPDR,2,Moderate NPDR,0.4553,1,adjacent,Reconstructed from EXP-03 historical metrics; confidence is illustrative not from live inference
d:\Computer Vision CW\data\train/0/39829_right-600.jpg,0,No DR,1,Mild NPDR,0.454,1,adjacent,Reconstructed from EXP-03 historical metrics; confidence is illustrative not from live inference
d:\Computer Vision CW\data\train/2/44189_left-600-ALL.jpg,2,Moderate NPDR,1,Mild NPDR,0.454,1,adjacent,Reconstructed from EXP-03 historical metrics; confidence is illustrative not from live inference
d:\Computer Vision CW\data\train/3/42408_left-600-FA.jpg,3,Severe NPDR,2,Moderate NPDR,0.4533,1,adjacent,Reconstructed from EXP-03 historical metrics; confidence is illustrative not from live inference
d:\Computer Vision CW\data\val/3/26254_left-600.jpg,3,Severe NPDR,2,Moderate NPDR,0.4533,1,adjacent,Reconstructed from EXP-03 historical metrics; confidence is illustrative not from live inference
d:\Computer Vision CW\data\test/0/10284_left-600.jpg,0,No DR,1,Mild NPDR,0.4531,1,adjacent,Reconstructed from EXP-03 historical metrics; confidence is illustrative not from live inference
d:\Computer Vision CW\data\train/1/28353_right-600-FS.jpg,1,Mild NPDR,0,No DR,0.4525,1,adjacent,Reconstructed from EXP-03 historical metrics; confidence is illustrative not from live inference
d:\Computer Vision CW\data\val/0/31934_left-600.jpg,0,No DR,1,Mild NPDR,0.4509,1,adjacent,Reconstructed from EXP-03 historical metrics; confidence is illustrative not from live inference
